{
  "ideVersion": "3.4",
  "name": "record_operation",
  "title": "操作记录依赖库",
  "description": "打印每次请求日志：全类名+方法名、请求ip，请求url，入参、出参；出现异常时打印error日志：异常信息、异常方法、异常栈、请求参数、请求IP",
  "specVersion": "1.0.0",
  "type": "module",
  "subType": "extension",
  "version": "1.0.1",
  "externalDependencyMap": {"maven": [{
    "groupId": "com.wgx",
    "artifactId": "record-operation",
    "version": "1.0.1"
  }]},
  "compilerInfoMap": {"java": []},
  "configuration": {
    "concept": "Configuration",
    "groups": [{
      "concept": "ConfigGroup",
      "name": "custom",
      "properties": [{
        "concept": "ConfigProperty",
        "name": "isLoggingEnabled",
        "values": [
          {
            "concept": "ConfigPropertyValue",
            "env": "dev",
            "value": "true"
          },
          {
            "concept": "ConfigPropertyValue",
            "env": "online",
            "value": "false"
          }
        ]
      }]
    }]
  }
}