{
  "ideVersion": "3.3",
  "name": "math_util_wgx",
  "title": "数学算术依赖库",
  "description": "该依赖库定义了多个方法用于数学计算的逻辑,如绝对值 、取整、最小值、最大值、加法、减法、乘法、除法等。",
  "specVersion": "1.0.0",
  "type": "module",
  "subType": "extension",
  "version": "1.0.1",
  "externalDependencyMap": {"maven": [{
    "groupId": "com.wgx",
    "artifactId": "math-util-wgx",
    "version": "1.0.1"
  }]},
  "compilerInfoMap": {"java": [
    {
      "type": "logic",
      "javaTypes": {
        "": "Long",
        "a": "Long"
      },
      "naslName": "absInteger",
      "className": "MathUtil",
      "packageName": "com.wgx.lowcode.util",
      "modifiers": [
        "public",
        "static"
      ]
    },
    {
      "type": "logic",
      "javaTypes": {
        "": "Double",
        "a": "Double"
      },
      "naslName": "absDecimal",
      "className": "MathUtil",
      "packageName": "com.wgx.lowcode.util",
      "modifiers": [
        "public",
        "static"
      ]
    },
    {
      "type": "logic",
      "javaTypes": {
        "": "Double",
        "a": "Double"
      },
      "naslName": "floor",
      "className": "MathUtil",
      "packageName": "com.wgx.lowcode.util",
      "modifiers": [
        "public",
        "static"
      ]
    },
    {
      "type": "logic",
      "javaTypes": {
        "": "Double",
        "a": "Double"
      },
      "naslName": "ceil",
      "className": "MathUtil",
      "packageName": "com.wgx.lowcode.util",
      "modifiers": [
        "public",
        "static"
      ]
    },
    {
      "type": "logic",
      "javaTypes": {
        "": "Long",
        "a": "Long",
        "b": "Long"
      },
      "naslName": "minInteger",
      "className": "MathUtil",
      "packageName": "com.wgx.lowcode.util",
      "modifiers": [
        "public",
        "static"
      ]
    },
    {
      "type": "logic",
      "javaTypes": {
        "": "Long",
        "a": "Long",
        "b": "Long"
      },
      "naslName": "maxInteger",
      "className": "MathUtil",
      "packageName": "com.wgx.lowcode.util",
      "modifiers": [
        "public",
        "static"
      ]
    },
    {
      "type": "logic",
      "javaTypes": {
        "": "Double",
        "a": "Double",
        "b": "Double"
      },
      "naslName": "minDecimal",
      "className": "MathUtil",
      "packageName": "com.wgx.lowcode.util",
      "modifiers": [
        "public",
        "static"
      ]
    },
    {
      "type": "logic",
      "javaTypes": {
        "": "Double",
        "a": "Double",
        "b": "Double"
      },
      "naslName": "maxDecimal",
      "className": "MathUtil",
      "packageName": "com.wgx.lowcode.util",
      "modifiers": [
        "public",
        "static"
      ]
    },
    {
      "type": "logic",
      "javaTypes": {
        "": "String",
        "a": "Double",
        "digits": "Integer"
      },
      "naslName": "toFixed",
      "className": "MathUtil",
      "packageName": "com.wgx.lowcode.util",
      "modifiers": [
        "public",
        "static"
      ]
    },
    {
      "type": "logic",
      "javaTypes": {
        "": "Double",
        "a": "Double",
        "b": "Double"
      },
      "naslName": "add",
      "className": "MathUtil",
      "packageName": "com.wgx.lowcode.util",
      "modifiers": [
        "public",
        "static"
      ]
    },
    {
      "type": "logic",
      "javaTypes": {
        "": "Double",
        "a": "Double",
        "b": "Double"
      },
      "naslName": "addRounded",
      "className": "MathUtil",
      "packageName": "com.wgx.lowcode.util",
      "modifiers": [
        "public",
        "static"
      ]
    },
    {
      "type": "logic",
      "javaTypes": {
        "": "Double",
        "a": "Double",
        "b": "Double"
      },
      "naslName": "addCeiling",
      "className": "MathUtil",
      "packageName": "com.wgx.lowcode.util",
      "modifiers": [
        "public",
        "static"
      ]
    },
    {
      "type": "logic",
      "javaTypes": {
        "": "Double",
        "a": "Double",
        "b": "Double"
      },
      "naslName": "addFloor",
      "className": "MathUtil",
      "packageName": "com.wgx.lowcode.util",
      "modifiers": [
        "public",
        "static"
      ]
    },
    {
      "type": "logic",
      "javaTypes": {
        "": "Double",
        "a": "Double",
        "b": "Double",
        "scale": "Integer",
        "roundingType": "Integer"
      },
      "naslName": "addCustomScale",
      "className": "MathUtil",
      "packageName": "com.wgx.lowcode.util",
      "modifiers": [
        "public",
        "static"
      ]
    },
    {
      "type": "logic",
      "javaTypes": {
        "": "Double",
        "a": "Double",
        "b": "Double"
      },
      "naslName": "subtract",
      "className": "MathUtil",
      "packageName": "com.wgx.lowcode.util",
      "modifiers": [
        "public",
        "static"
      ]
    },
    {
      "type": "logic",
      "javaTypes": {
        "": "Double",
        "a": "Double",
        "b": "Double"
      },
      "naslName": "subtractRounded",
      "className": "MathUtil",
      "packageName": "com.wgx.lowcode.util",
      "modifiers": [
        "public",
        "static"
      ]
    },
    {
      "type": "logic",
      "javaTypes": {
        "": "Double",
        "a": "Double",
        "b": "Double"
      },
      "naslName": "subtractCeiling",
      "className": "MathUtil",
      "packageName": "com.wgx.lowcode.util",
      "modifiers": [
        "public",
        "static"
      ]
    },
    {
      "type": "logic",
      "javaTypes": {
        "": "Double",
        "a": "Double",
        "b": "Double"
      },
      "naslName": "subtractFloor",
      "className": "MathUtil",
      "packageName": "com.wgx.lowcode.util",
      "modifiers": [
        "public",
        "static"
      ]
    },
    {
      "type": "logic",
      "javaTypes": {
        "": "Double",
        "a": "Double",
        "b": "Double",
        "scale": "Integer",
        "roundingType": "Integer"
      },
      "naslName": "subtractCustomScale",
      "className": "MathUtil",
      "packageName": "com.wgx.lowcode.util",
      "modifiers": [
        "public",
        "static"
      ]
    },
    {
      "type": "logic",
      "javaTypes": {
        "": "Double",
        "dividend": "Double",
        "divisor": "Double"
      },
      "naslName": "divide",
      "className": "MathUtil",
      "packageName": "com.wgx.lowcode.util",
      "modifiers": [
        "public",
        "static"
      ]
    },
    {
      "type": "logic",
      "javaTypes": {
        "": "Double",
        "dividend": "Double",
        "divisor": "Double"
      },
      "naslName": "divideRounded",
      "className": "MathUtil",
      "packageName": "com.wgx.lowcode.util",
      "modifiers": [
        "public",
        "static"
      ]
    },
    {
      "type": "logic",
      "javaTypes": {
        "": "Double",
        "dividend": "Double",
        "divisor": "Double"
      },
      "naslName": "divideCeiling",
      "className": "MathUtil",
      "packageName": "com.wgx.lowcode.util",
      "modifiers": [
        "public",
        "static"
      ]
    },
    {
      "type": "logic",
      "javaTypes": {
        "": "Double",
        "dividend": "Double",
        "divisor": "Double"
      },
      "naslName": "divideFloor",
      "className": "MathUtil",
      "packageName": "com.wgx.lowcode.util",
      "modifiers": [
        "public",
        "static"
      ]
    },
    {
      "type": "logic",
      "javaTypes": {
        "": "Double",
        "dividend": "Double",
        "divisor": "Double",
        "scale": "Integer",
        "roundingType": "Integer"
      },
      "naslName": "divideCustomScale",
      "className": "MathUtil",
      "packageName": "com.wgx.lowcode.util",
      "modifiers": [
        "public",
        "static"
      ]
    },
    {
      "type": "logic",
      "javaTypes": {
        "": "Double",
        "a": "Double",
        "b": "Double"
      },
      "naslName": "multiply",
      "className": "MathUtil",
      "packageName": "com.wgx.lowcode.util",
      "modifiers": [
        "public",
        "static"
      ]
    },
    {
      "type": "logic",
      "javaTypes": {
        "": "Double",
        "a": "Double",
        "b": "Double"
      },
      "naslName": "multiplyRounded",
      "className": "MathUtil",
      "packageName": "com.wgx.lowcode.util",
      "modifiers": [
        "public",
        "static"
      ]
    },
    {
      "type": "logic",
      "javaTypes": {
        "": "Double",
        "a": "Double",
        "b": "Double"
      },
      "naslName": "multiplyCeiling",
      "className": "MathUtil",
      "packageName": "com.wgx.lowcode.util",
      "modifiers": [
        "public",
        "static"
      ]
    },
    {
      "type": "logic",
      "javaTypes": {
        "": "Double",
        "a": "Double",
        "b": "Double"
      },
      "naslName": "multiplyFloor",
      "className": "MathUtil",
      "packageName": "com.wgx.lowcode.util",
      "modifiers": [
        "public",
        "static"
      ]
    },
    {
      "type": "logic",
      "javaTypes": {
        "": "Double",
        "a": "Double",
        "b": "Double",
        "scale": "Integer",
        "roundingType": "Integer"
      },
      "naslName": "multiplyCustomScale",
      "className": "MathUtil",
      "packageName": "com.wgx.lowcode.util",
      "modifiers": [
        "public",
        "static"
      ]
    }
  ]},
  "logics": [
    {
      "concept": "Logic",
      "name": "absInteger",
      "description": "返回整数的绝对值",
      "overridable": false,
      "params": [{
        "concept": "Param",
        "name": "a",
        "description": "",
        "typeAnnotation": {
          "concept": "TypeAnnotation",
          "typeKind": "primitive",
          "typeNamespace": "nasl.core",
          "typeName": "Long"
        },
        "required": false
      }],
      "returns": [{
        "concept": "Return",
        "name": "result",
        "description": "",
        "typeAnnotation": {
          "concept": "TypeAnnotation",
          "typeKind": "union",
          "typeNamespace": "nasl.core",
          "typeName": "Union",
          "typeArguments": [
            {
              "concept": "TypeAnnotation",
              "typeKind": "primitive",
              "typeNamespace": "nasl.core",
              "typeName": "Long"
            },
            {
              "concept": "TypeAnnotation",
              "typeKind": "reference",
              "typeNamespace": "nasl.ui",
              "typeName": "Error"
            }
          ]
        }
      }]
    },
    {
      "concept": "Logic",
      "name": "absDecimal",
      "description": "返回小数的绝对值",
      "overridable": false,
      "params": [{
        "concept": "Param",
        "name": "a",
        "description": "",
        "typeAnnotation": {
          "concept": "TypeAnnotation",
          "typeKind": "primitive",
          "typeNamespace": "nasl.core",
          "typeName": "Decimal"
        },
        "required": false
      }],
      "returns": [{
        "concept": "Return",
        "name": "result",
        "description": "",
        "typeAnnotation": {
          "concept": "TypeAnnotation",
          "typeKind": "union",
          "typeNamespace": "nasl.core",
          "typeName": "Union",
          "typeArguments": [
            {
              "concept": "TypeAnnotation",
              "typeKind": "primitive",
              "typeNamespace": "nasl.core",
              "typeName": "Decimal"
            },
            {
              "concept": "TypeAnnotation",
              "typeKind": "reference",
              "typeNamespace": "nasl.ui",
              "typeName": "Error"
            }
          ]
        }
      }]
    },
    {
      "concept": "Logic",
      "name": "floor",
      "description": "返回小于等于给定参数的最大整数",
      "overridable": false,
      "params": [{
        "concept": "Param",
        "name": "a",
        "description": "",
        "typeAnnotation": {
          "concept": "TypeAnnotation",
          "typeKind": "primitive",
          "typeNamespace": "nasl.core",
          "typeName": "Decimal"
        },
        "required": false
      }],
      "returns": [{
        "concept": "Return",
        "name": "result",
        "description": "",
        "typeAnnotation": {
          "concept": "TypeAnnotation",
          "typeKind": "union",
          "typeNamespace": "nasl.core",
          "typeName": "Union",
          "typeArguments": [
            {
              "concept": "TypeAnnotation",
              "typeKind": "primitive",
              "typeNamespace": "nasl.core",
              "typeName": "Decimal"
            },
            {
              "concept": "TypeAnnotation",
              "typeKind": "reference",
              "typeNamespace": "nasl.ui",
              "typeName": "Error"
            }
          ]
        }
      }]
    },
    {
      "concept": "Logic",
      "name": "ceil",
      "description": "返回大于等于给定参数的最小整数",
      "overridable": false,
      "params": [{
        "concept": "Param",
        "name": "a",
        "description": "",
        "typeAnnotation": {
          "concept": "TypeAnnotation",
          "typeKind": "primitive",
          "typeNamespace": "nasl.core",
          "typeName": "Decimal"
        },
        "required": false
      }],
      "returns": [{
        "concept": "Return",
        "name": "result",
        "description": "",
        "typeAnnotation": {
          "concept": "TypeAnnotation",
          "typeKind": "union",
          "typeNamespace": "nasl.core",
          "typeName": "Union",
          "typeArguments": [
            {
              "concept": "TypeAnnotation",
              "typeKind": "primitive",
              "typeNamespace": "nasl.core",
              "typeName": "Decimal"
            },
            {
              "concept": "TypeAnnotation",
              "typeKind": "reference",
              "typeNamespace": "nasl.ui",
              "typeName": "Error"
            }
          ]
        }
      }]
    },
    {
      "concept": "Logic",
      "name": "minInteger",
      "description": "返回两个整数中较小的数",
      "overridable": false,
      "params": [
        {
          "concept": "Param",
          "name": "a",
          "description": "第一个整数",
          "typeAnnotation": {
            "concept": "TypeAnnotation",
            "typeKind": "primitive",
            "typeNamespace": "nasl.core",
            "typeName": "Long"
          },
          "required": false
        },
        {
          "concept": "Param",
          "name": "b",
          "description": "第二个整数",
          "typeAnnotation": {
            "concept": "TypeAnnotation",
            "typeKind": "primitive",
            "typeNamespace": "nasl.core",
            "typeName": "Long"
          },
          "required": false
        }
      ],
      "returns": [{
        "concept": "Return",
        "name": "result",
        "description": "",
        "typeAnnotation": {
          "concept": "TypeAnnotation",
          "typeKind": "union",
          "typeNamespace": "nasl.core",
          "typeName": "Union",
          "typeArguments": [
            {
              "concept": "TypeAnnotation",
              "typeKind": "primitive",
              "typeNamespace": "nasl.core",
              "typeName": "Long"
            },
            {
              "concept": "TypeAnnotation",
              "typeKind": "reference",
              "typeNamespace": "nasl.ui",
              "typeName": "Error"
            }
          ]
        }
      }]
    },
    {
      "concept": "Logic",
      "name": "maxInteger",
      "description": "返回两个整数中较大的数",
      "overridable": false,
      "params": [
        {
          "concept": "Param",
          "name": "a",
          "description": "第一个整数",
          "typeAnnotation": {
            "concept": "TypeAnnotation",
            "typeKind": "primitive",
            "typeNamespace": "nasl.core",
            "typeName": "Long"
          },
          "required": false
        },
        {
          "concept": "Param",
          "name": "b",
          "description": "第二个整数",
          "typeAnnotation": {
            "concept": "TypeAnnotation",
            "typeKind": "primitive",
            "typeNamespace": "nasl.core",
            "typeName": "Long"
          },
          "required": false
        }
      ],
      "returns": [{
        "concept": "Return",
        "name": "result",
        "description": "",
        "typeAnnotation": {
          "concept": "TypeAnnotation",
          "typeKind": "union",
          "typeNamespace": "nasl.core",
          "typeName": "Union",
          "typeArguments": [
            {
              "concept": "TypeAnnotation",
              "typeKind": "primitive",
              "typeNamespace": "nasl.core",
              "typeName": "Long"
            },
            {
              "concept": "TypeAnnotation",
              "typeKind": "reference",
              "typeNamespace": "nasl.ui",
              "typeName": "Error"
            }
          ]
        }
      }]
    },
    {
      "concept": "Logic",
      "name": "minDecimal",
      "description": "返回两个小数中较小的数",
      "overridable": false,
      "params": [
        {
          "concept": "Param",
          "name": "a",
          "description": "第一个小数",
          "typeAnnotation": {
            "concept": "TypeAnnotation",
            "typeKind": "primitive",
            "typeNamespace": "nasl.core",
            "typeName": "Decimal"
          },
          "required": false
        },
        {
          "concept": "Param",
          "name": "b",
          "description": "第二个小数",
          "typeAnnotation": {
            "concept": "TypeAnnotation",
            "typeKind": "primitive",
            "typeNamespace": "nasl.core",
            "typeName": "Decimal"
          },
          "required": false
        }
      ],
      "returns": [{
        "concept": "Return",
        "name": "result",
        "description": "",
        "typeAnnotation": {
          "concept": "TypeAnnotation",
          "typeKind": "union",
          "typeNamespace": "nasl.core",
          "typeName": "Union",
          "typeArguments": [
            {
              "concept": "TypeAnnotation",
              "typeKind": "primitive",
              "typeNamespace": "nasl.core",
              "typeName": "Decimal"
            },
            {
              "concept": "TypeAnnotation",
              "typeKind": "reference",
              "typeNamespace": "nasl.ui",
              "typeName": "Error"
            }
          ]
        }
      }]
    },
    {
      "concept": "Logic",
      "name": "maxDecimal",
      "description": "返回两个小数中较大的数",
      "overridable": false,
      "params": [
        {
          "concept": "Param",
          "name": "a",
          "description": "第一个小数",
          "typeAnnotation": {
            "concept": "TypeAnnotation",
            "typeKind": "primitive",
            "typeNamespace": "nasl.core",
            "typeName": "Decimal"
          },
          "required": false
        },
        {
          "concept": "Param",
          "name": "b",
          "description": "第二个小数",
          "typeAnnotation": {
            "concept": "TypeAnnotation",
            "typeKind": "primitive",
            "typeNamespace": "nasl.core",
            "typeName": "Decimal"
          },
          "required": false
        }
      ],
      "returns": [{
        "concept": "Return",
        "name": "result",
        "description": "",
        "typeAnnotation": {
          "concept": "TypeAnnotation",
          "typeKind": "union",
          "typeNamespace": "nasl.core",
          "typeName": "Union",
          "typeArguments": [
            {
              "concept": "TypeAnnotation",
              "typeKind": "primitive",
              "typeNamespace": "nasl.core",
              "typeName": "Decimal"
            },
            {
              "concept": "TypeAnnotation",
              "typeKind": "reference",
              "typeNamespace": "nasl.ui",
              "typeName": "Error"
            }
          ]
        }
      }]
    },
    {
      "concept": "Logic",
      "name": "toFixed",
      "description": "将小数转化为小数点后指定位数的字符串",
      "overridable": false,
      "params": [
        {
          "concept": "Param",
          "name": "a",
          "description": "待格式化的小数",
          "typeAnnotation": {
            "concept": "TypeAnnotation",
            "typeKind": "primitive",
            "typeNamespace": "nasl.core",
            "typeName": "Decimal"
          },
          "required": false
        },
        {
          "concept": "Param",
          "name": "digits",
          "description": "小数点后的位数。",
          "typeAnnotation": {
            "concept": "TypeAnnotation",
            "typeKind": "primitive",
            "typeNamespace": "nasl.core",
            "typeName": "Long"
          },
          "required": false
        }
      ],
      "returns": [{
        "concept": "Return",
        "name": "result",
        "description": "格式化后的字符串。",
        "typeAnnotation": {
          "concept": "TypeAnnotation",
          "typeKind": "union",
          "typeNamespace": "nasl.core",
          "typeName": "Union",
          "typeArguments": [
            {
              "concept": "TypeAnnotation",
              "typeKind": "primitive",
              "typeNamespace": "nasl.core",
              "typeName": "String"
            },
            {
              "concept": "TypeAnnotation",
              "typeKind": "reference",
              "typeNamespace": "nasl.ui",
              "typeName": "Error"
            }
          ]
        }
      }]
    },
    {
      "concept": "Logic",
      "name": "add",
      "description": "计算两数之和",
      "overridable": false,
      "params": [
        {
          "concept": "Param",
          "name": "a",
          "description": "第一个加数",
          "typeAnnotation": {
            "concept": "TypeAnnotation",
            "typeKind": "primitive",
            "typeNamespace": "nasl.core",
            "typeName": "Decimal"
          },
          "required": false
        },
        {
          "concept": "Param",
          "name": "b",
          "description": "第二个加数",
          "typeAnnotation": {
            "concept": "TypeAnnotation",
            "typeKind": "primitive",
            "typeNamespace": "nasl.core",
            "typeName": "Decimal"
          },
          "required": false
        }
      ],
      "returns": [{
        "concept": "Return",
        "name": "result",
        "description": "两数之和",
        "typeAnnotation": {
          "concept": "TypeAnnotation",
          "typeKind": "union",
          "typeNamespace": "nasl.core",
          "typeName": "Union",
          "typeArguments": [
            {
              "concept": "TypeAnnotation",
              "typeKind": "primitive",
              "typeNamespace": "nasl.core",
              "typeName": "Decimal"
            },
            {
              "concept": "TypeAnnotation",
              "typeKind": "reference",
              "typeNamespace": "nasl.ui",
              "typeName": "Error"
            }
          ]
        }
      }]
    },
    {
      "concept": "Logic",
      "name": "addRounded",
      "description": "计算两数之和,保留两位小数,四舍五入",
      "overridable": false,
      "params": [
        {
          "concept": "Param",
          "name": "a",
          "description": "第一个加数",
          "typeAnnotation": {
            "concept": "TypeAnnotation",
            "typeKind": "primitive",
            "typeNamespace": "nasl.core",
            "typeName": "Decimal"
          },
          "required": false
        },
        {
          "concept": "Param",
          "name": "b",
          "description": "第二个加数",
          "typeAnnotation": {
            "concept": "TypeAnnotation",
            "typeKind": "primitive",
            "typeNamespace": "nasl.core",
            "typeName": "Decimal"
          },
          "required": false
        }
      ],
      "returns": [{
        "concept": "Return",
        "name": "result",
        "description": "两数之和",
        "typeAnnotation": {
          "concept": "TypeAnnotation",
          "typeKind": "union",
          "typeNamespace": "nasl.core",
          "typeName": "Union",
          "typeArguments": [
            {
              "concept": "TypeAnnotation",
              "typeKind": "primitive",
              "typeNamespace": "nasl.core",
              "typeName": "Decimal"
            },
            {
              "concept": "TypeAnnotation",
              "typeKind": "reference",
              "typeNamespace": "nasl.ui",
              "typeName": "Error"
            }
          ]
        }
      }]
    },
    {
      "concept": "Logic",
      "name": "addCeiling",
      "description": "计算两数之和,保留两位小数,向上取整",
      "overridable": false,
      "params": [
        {
          "concept": "Param",
          "name": "a",
          "description": "第一个加数",
          "typeAnnotation": {
            "concept": "TypeAnnotation",
            "typeKind": "primitive",
            "typeNamespace": "nasl.core",
            "typeName": "Decimal"
          },
          "required": false
        },
        {
          "concept": "Param",
          "name": "b",
          "description": "第二个加数",
          "typeAnnotation": {
            "concept": "TypeAnnotation",
            "typeKind": "primitive",
            "typeNamespace": "nasl.core",
            "typeName": "Decimal"
          },
          "required": false
        }
      ],
      "returns": [{
        "concept": "Return",
        "name": "result",
        "description": "两数之和",
        "typeAnnotation": {
          "concept": "TypeAnnotation",
          "typeKind": "union",
          "typeNamespace": "nasl.core",
          "typeName": "Union",
          "typeArguments": [
            {
              "concept": "TypeAnnotation",
              "typeKind": "primitive",
              "typeNamespace": "nasl.core",
              "typeName": "Decimal"
            },
            {
              "concept": "TypeAnnotation",
              "typeKind": "reference",
              "typeNamespace": "nasl.ui",
              "typeName": "Error"
            }
          ]
        }
      }]
    },
    {
      "concept": "Logic",
      "name": "addFloor",
      "description": "计算两数之和,保留两位小数,向下取整",
      "overridable": false,
      "params": [
        {
          "concept": "Param",
          "name": "a",
          "description": "第一个加数",
          "typeAnnotation": {
            "concept": "TypeAnnotation",
            "typeKind": "primitive",
            "typeNamespace": "nasl.core",
            "typeName": "Decimal"
          },
          "required": false
        },
        {
          "concept": "Param",
          "name": "b",
          "description": "第二个加数",
          "typeAnnotation": {
            "concept": "TypeAnnotation",
            "typeKind": "primitive",
            "typeNamespace": "nasl.core",
            "typeName": "Decimal"
          },
          "required": false
        }
      ],
      "returns": [{
        "concept": "Return",
        "name": "result",
        "description": "两数之和",
        "typeAnnotation": {
          "concept": "TypeAnnotation",
          "typeKind": "union",
          "typeNamespace": "nasl.core",
          "typeName": "Union",
          "typeArguments": [
            {
              "concept": "TypeAnnotation",
              "typeKind": "primitive",
              "typeNamespace": "nasl.core",
              "typeName": "Decimal"
            },
            {
              "concept": "TypeAnnotation",
              "typeKind": "reference",
              "typeNamespace": "nasl.ui",
              "typeName": "Error"
            }
          ]
        }
      }]
    },
    {
      "concept": "Logic",
      "name": "addCustomScale",
      "description": "计算两数之和,自定义保留小数位数和取舍方式",
      "overridable": false,
      "params": [
        {
          "concept": "Param",
          "name": "a",
          "description": "第一个加数",
          "typeAnnotation": {
            "concept": "TypeAnnotation",
            "typeKind": "primitive",
            "typeNamespace": "nasl.core",
            "typeName": "Decimal"
          },
          "required": false
        },
        {
          "concept": "Param",
          "name": "b",
          "description": "第二个加数",
          "typeAnnotation": {
            "concept": "TypeAnnotation",
            "typeKind": "primitive",
            "typeNamespace": "nasl.core",
            "typeName": "Decimal"
          },
          "required": false
        },
        {
          "concept": "Param",
          "name": "scale",
          "description": "结果的精度（小数点后的位数），必须是非负整数",
          "typeAnnotation": {
            "concept": "TypeAnnotation",
            "typeKind": "primitive",
            "typeNamespace": "nasl.core",
            "typeName": "Long"
          },
          "required": false
        },
        {
          "concept": "Param",
          "name": "roundingType",
          "description": "取舍方式：0 - 不进行取舍，1 - 四舍五入，2 - 向上取整，3 - 向下取整",
          "typeAnnotation": {
            "concept": "TypeAnnotation",
            "typeKind": "primitive",
            "typeNamespace": "nasl.core",
            "typeName": "Long"
          },
          "required": false
        }
      ],
      "returns": [{
        "concept": "Return",
        "name": "result",
        "description": "两数之和",
        "typeAnnotation": {
          "concept": "TypeAnnotation",
          "typeKind": "union",
          "typeNamespace": "nasl.core",
          "typeName": "Union",
          "typeArguments": [
            {
              "concept": "TypeAnnotation",
              "typeKind": "primitive",
              "typeNamespace": "nasl.core",
              "typeName": "Decimal"
            },
            {
              "concept": "TypeAnnotation",
              "typeKind": "reference",
              "typeNamespace": "nasl.ui",
              "typeName": "Error"
            }
          ]
        }
      }]
    },
    {
      "concept": "Logic",
      "name": "subtract",
      "description": "计算两数之差",
      "overridable": false,
      "params": [
        {
          "concept": "Param",
          "name": "a",
          "description": "被减数",
          "typeAnnotation": {
            "concept": "TypeAnnotation",
            "typeKind": "primitive",
            "typeNamespace": "nasl.core",
            "typeName": "Decimal"
          },
          "required": false
        },
        {
          "concept": "Param",
          "name": "b",
          "description": "减数",
          "typeAnnotation": {
            "concept": "TypeAnnotation",
            "typeKind": "primitive",
            "typeNamespace": "nasl.core",
            "typeName": "Decimal"
          },
          "required": false
        }
      ],
      "returns": [{
        "concept": "Return",
        "name": "result",
        "description": "两数之差",
        "typeAnnotation": {
          "concept": "TypeAnnotation",
          "typeKind": "union",
          "typeNamespace": "nasl.core",
          "typeName": "Union",
          "typeArguments": [
            {
              "concept": "TypeAnnotation",
              "typeKind": "primitive",
              "typeNamespace": "nasl.core",
              "typeName": "Decimal"
            },
            {
              "concept": "TypeAnnotation",
              "typeKind": "reference",
              "typeNamespace": "nasl.ui",
              "typeName": "Error"
            }
          ]
        }
      }]
    },
    {
      "concept": "Logic",
      "name": "subtractRounded",
      "description": "计算两数之差，保留两位小数，四舍五入",
      "overridable": false,
      "params": [
        {
          "concept": "Param",
          "name": "a",
          "description": "被减数",
          "typeAnnotation": {
            "concept": "TypeAnnotation",
            "typeKind": "primitive",
            "typeNamespace": "nasl.core",
            "typeName": "Decimal"
          },
          "required": false
        },
        {
          "concept": "Param",
          "name": "b",
          "description": "减数",
          "typeAnnotation": {
            "concept": "TypeAnnotation",
            "typeKind": "primitive",
            "typeNamespace": "nasl.core",
            "typeName": "Decimal"
          },
          "required": false
        }
      ],
      "returns": [{
        "concept": "Return",
        "name": "result",
        "description": "两数之差",
        "typeAnnotation": {
          "concept": "TypeAnnotation",
          "typeKind": "union",
          "typeNamespace": "nasl.core",
          "typeName": "Union",
          "typeArguments": [
            {
              "concept": "TypeAnnotation",
              "typeKind": "primitive",
              "typeNamespace": "nasl.core",
              "typeName": "Decimal"
            },
            {
              "concept": "TypeAnnotation",
              "typeKind": "reference",
              "typeNamespace": "nasl.ui",
              "typeName": "Error"
            }
          ]
        }
      }]
    },
    {
      "concept": "Logic",
      "name": "subtractCeiling",
      "description": "计算两数之差，保留两位小数，向上取整",
      "overridable": false,
      "params": [
        {
          "concept": "Param",
          "name": "a",
          "description": "被减数",
          "typeAnnotation": {
            "concept": "TypeAnnotation",
            "typeKind": "primitive",
            "typeNamespace": "nasl.core",
            "typeName": "Decimal"
          },
          "required": false
        },
        {
          "concept": "Param",
          "name": "b",
          "description": "减数",
          "typeAnnotation": {
            "concept": "TypeAnnotation",
            "typeKind": "primitive",
            "typeNamespace": "nasl.core",
            "typeName": "Decimal"
          },
          "required": false
        }
      ],
      "returns": [{
        "concept": "Return",
        "name": "result",
        "description": "两数之差",
        "typeAnnotation": {
          "concept": "TypeAnnotation",
          "typeKind": "union",
          "typeNamespace": "nasl.core",
          "typeName": "Union",
          "typeArguments": [
            {
              "concept": "TypeAnnotation",
              "typeKind": "primitive",
              "typeNamespace": "nasl.core",
              "typeName": "Decimal"
            },
            {
              "concept": "TypeAnnotation",
              "typeKind": "reference",
              "typeNamespace": "nasl.ui",
              "typeName": "Error"
            }
          ]
        }
      }]
    },
    {
      "concept": "Logic",
      "name": "subtractFloor",
      "description": "计算两数之差，保留两位小数，向下取整",
      "overridable": false,
      "params": [
        {
          "concept": "Param",
          "name": "a",
          "description": "被减数",
          "typeAnnotation": {
            "concept": "TypeAnnotation",
            "typeKind": "primitive",
            "typeNamespace": "nasl.core",
            "typeName": "Decimal"
          },
          "required": false
        },
        {
          "concept": "Param",
          "name": "b",
          "description": "减数",
          "typeAnnotation": {
            "concept": "TypeAnnotation",
            "typeKind": "primitive",
            "typeNamespace": "nasl.core",
            "typeName": "Decimal"
          },
          "required": false
        }
      ],
      "returns": [{
        "concept": "Return",
        "name": "result",
        "description": "两数之差",
        "typeAnnotation": {
          "concept": "TypeAnnotation",
          "typeKind": "union",
          "typeNamespace": "nasl.core",
          "typeName": "Union",
          "typeArguments": [
            {
              "concept": "TypeAnnotation",
              "typeKind": "primitive",
              "typeNamespace": "nasl.core",
              "typeName": "Decimal"
            },
            {
              "concept": "TypeAnnotation",
              "typeKind": "reference",
              "typeNamespace": "nasl.ui",
              "typeName": "Error"
            }
          ]
        }
      }]
    },
    {
      "concept": "Logic",
      "name": "subtractCustomScale",
      "description": "计算两数之差，自定义保留小数位数和取舍方式",
      "overridable": false,
      "params": [
        {
          "concept": "Param",
          "name": "a",
          "description": "被减数",
          "typeAnnotation": {
            "concept": "TypeAnnotation",
            "typeKind": "primitive",
            "typeNamespace": "nasl.core",
            "typeName": "Decimal"
          },
          "required": false
        },
        {
          "concept": "Param",
          "name": "b",
          "description": "减数",
          "typeAnnotation": {
            "concept": "TypeAnnotation",
            "typeKind": "primitive",
            "typeNamespace": "nasl.core",
            "typeName": "Decimal"
          },
          "required": false
        },
        {
          "concept": "Param",
          "name": "scale",
          "description": "结果的精度（小数点后的位数），必须是非负整数",
          "typeAnnotation": {
            "concept": "TypeAnnotation",
            "typeKind": "primitive",
            "typeNamespace": "nasl.core",
            "typeName": "Long"
          },
          "required": false
        },
        {
          "concept": "Param",
          "name": "roundingType",
          "description": "取舍方式：0 - 不进行取舍，1 - 四舍五入，2 - 向上取整，3 - 向下取整",
          "typeAnnotation": {
            "concept": "TypeAnnotation",
            "typeKind": "primitive",
            "typeNamespace": "nasl.core",
            "typeName": "Long"
          },
          "required": false
        }
      ],
      "returns": [{
        "concept": "Return",
        "name": "result",
        "description": "两数之差",
        "typeAnnotation": {
          "concept": "TypeAnnotation",
          "typeKind": "union",
          "typeNamespace": "nasl.core",
          "typeName": "Union",
          "typeArguments": [
            {
              "concept": "TypeAnnotation",
              "typeKind": "primitive",
              "typeNamespace": "nasl.core",
              "typeName": "Decimal"
            },
            {
              "concept": "TypeAnnotation",
              "typeKind": "reference",
              "typeNamespace": "nasl.ui",
              "typeName": "Error"
            }
          ]
        }
      }]
    },
    {
      "concept": "Logic",
      "name": "divide",
      "description": "计算两数之商",
      "overridable": false,
      "params": [
        {
          "concept": "Param",
          "name": "dividend",
          "description": "被除数",
          "typeAnnotation": {
            "concept": "TypeAnnotation",
            "typeKind": "primitive",
            "typeNamespace": "nasl.core",
            "typeName": "Decimal"
          },
          "required": false
        },
        {
          "concept": "Param",
          "name": "divisor",
          "description": "除数",
          "typeAnnotation": {
            "concept": "TypeAnnotation",
            "typeKind": "primitive",
            "typeNamespace": "nasl.core",
            "typeName": "Decimal"
          },
          "required": false
        }
      ],
      "returns": [{
        "concept": "Return",
        "name": "result",
        "description": "两数之商",
        "typeAnnotation": {
          "concept": "TypeAnnotation",
          "typeKind": "union",
          "typeNamespace": "nasl.core",
          "typeName": "Union",
          "typeArguments": [
            {
              "concept": "TypeAnnotation",
              "typeKind": "primitive",
              "typeNamespace": "nasl.core",
              "typeName": "Decimal"
            },
            {
              "concept": "TypeAnnotation",
              "typeKind": "reference",
              "typeNamespace": "nasl.ui",
              "typeName": "Error"
            }
          ]
        }
      }]
    },
    {
      "concept": "Logic",
      "name": "divideRounded",
      "description": "计算两数之商，保留两位小数，四舍五入",
      "overridable": false,
      "params": [
        {
          "concept": "Param",
          "name": "dividend",
          "description": "被除数",
          "typeAnnotation": {
            "concept": "TypeAnnotation",
            "typeKind": "primitive",
            "typeNamespace": "nasl.core",
            "typeName": "Decimal"
          },
          "required": false
        },
        {
          "concept": "Param",
          "name": "divisor",
          "description": "除数",
          "typeAnnotation": {
            "concept": "TypeAnnotation",
            "typeKind": "primitive",
            "typeNamespace": "nasl.core",
            "typeName": "Decimal"
          },
          "required": false
        }
      ],
      "returns": [{
        "concept": "Return",
        "name": "result",
        "description": "两数之商",
        "typeAnnotation": {
          "concept": "TypeAnnotation",
          "typeKind": "union",
          "typeNamespace": "nasl.core",
          "typeName": "Union",
          "typeArguments": [
            {
              "concept": "TypeAnnotation",
              "typeKind": "primitive",
              "typeNamespace": "nasl.core",
              "typeName": "Decimal"
            },
            {
              "concept": "TypeAnnotation",
              "typeKind": "reference",
              "typeNamespace": "nasl.ui",
              "typeName": "Error"
            }
          ]
        }
      }]
    },
    {
      "concept": "Logic",
      "name": "divideCeiling",
      "description": "计算两数之商，保留两位小数，向上取整",
      "overridable": false,
      "params": [
        {
          "concept": "Param",
          "name": "dividend",
          "description": "被除数",
          "typeAnnotation": {
            "concept": "TypeAnnotation",
            "typeKind": "primitive",
            "typeNamespace": "nasl.core",
            "typeName": "Decimal"
          },
          "required": false
        },
        {
          "concept": "Param",
          "name": "divisor",
          "description": "除数",
          "typeAnnotation": {
            "concept": "TypeAnnotation",
            "typeKind": "primitive",
            "typeNamespace": "nasl.core",
            "typeName": "Decimal"
          },
          "required": false
        }
      ],
      "returns": [{
        "concept": "Return",
        "name": "result",
        "description": "两数之商",
        "typeAnnotation": {
          "concept": "TypeAnnotation",
          "typeKind": "union",
          "typeNamespace": "nasl.core",
          "typeName": "Union",
          "typeArguments": [
            {
              "concept": "TypeAnnotation",
              "typeKind": "primitive",
              "typeNamespace": "nasl.core",
              "typeName": "Decimal"
            },
            {
              "concept": "TypeAnnotation",
              "typeKind": "reference",
              "typeNamespace": "nasl.ui",
              "typeName": "Error"
            }
          ]
        }
      }]
    },
    {
      "concept": "Logic",
      "name": "divideFloor",
      "description": "计算两数之商，保留两位小数，向下取整",
      "overridable": false,
      "params": [
        {
          "concept": "Param",
          "name": "dividend",
          "description": "被除数",
          "typeAnnotation": {
            "concept": "TypeAnnotation",
            "typeKind": "primitive",
            "typeNamespace": "nasl.core",
            "typeName": "Decimal"
          },
          "required": false
        },
        {
          "concept": "Param",
          "name": "divisor",
          "description": "除数",
          "typeAnnotation": {
            "concept": "TypeAnnotation",
            "typeKind": "primitive",
            "typeNamespace": "nasl.core",
            "typeName": "Decimal"
          },
          "required": false
        }
      ],
      "returns": [{
        "concept": "Return",
        "name": "result",
        "description": "两数之商",
        "typeAnnotation": {
          "concept": "TypeAnnotation",
          "typeKind": "union",
          "typeNamespace": "nasl.core",
          "typeName": "Union",
          "typeArguments": [
            {
              "concept": "TypeAnnotation",
              "typeKind": "primitive",
              "typeNamespace": "nasl.core",
              "typeName": "Decimal"
            },
            {
              "concept": "TypeAnnotation",
              "typeKind": "reference",
              "typeNamespace": "nasl.ui",
              "typeName": "Error"
            }
          ]
        }
      }]
    },
    {
      "concept": "Logic",
      "name": "divideCustomScale",
      "description": "计算两数之商，自定义保留小数位数和取舍方式",
      "overridable": false,
      "params": [
        {
          "concept": "Param",
          "name": "dividend",
          "description": "被除数",
          "typeAnnotation": {
            "concept": "TypeAnnotation",
            "typeKind": "primitive",
            "typeNamespace": "nasl.core",
            "typeName": "Decimal"
          },
          "required": false
        },
        {
          "concept": "Param",
          "name": "divisor",
          "description": "除数",
          "typeAnnotation": {
            "concept": "TypeAnnotation",
            "typeKind": "primitive",
            "typeNamespace": "nasl.core",
            "typeName": "Decimal"
          },
          "required": false
        },
        {
          "concept": "Param",
          "name": "scale",
          "description": "结果的精度（小数点后的位数），必须是非负整数",
          "typeAnnotation": {
            "concept": "TypeAnnotation",
            "typeKind": "primitive",
            "typeNamespace": "nasl.core",
            "typeName": "Long"
          },
          "required": false
        },
        {
          "concept": "Param",
          "name": "roundingType",
          "description": "取舍方式：0 - 不进行取舍，1 - 四舍五入，2 - 向上取整，3 - 向下取整",
          "typeAnnotation": {
            "concept": "TypeAnnotation",
            "typeKind": "primitive",
            "typeNamespace": "nasl.core",
            "typeName": "Long"
          },
          "required": false
        }
      ],
      "returns": [{
        "concept": "Return",
        "name": "result",
        "description": "两数之商",
        "typeAnnotation": {
          "concept": "TypeAnnotation",
          "typeKind": "union",
          "typeNamespace": "nasl.core",
          "typeName": "Union",
          "typeArguments": [
            {
              "concept": "TypeAnnotation",
              "typeKind": "primitive",
              "typeNamespace": "nasl.core",
              "typeName": "Decimal"
            },
            {
              "concept": "TypeAnnotation",
              "typeKind": "reference",
              "typeNamespace": "nasl.ui",
              "typeName": "Error"
            }
          ]
        }
      }]
    },
    {
      "concept": "Logic",
      "name": "multiply",
      "description": "计算两数之积",
      "overridable": false,
      "params": [
        {
          "concept": "Param",
          "name": "a",
          "description": "第一个乘数",
          "typeAnnotation": {
            "concept": "TypeAnnotation",
            "typeKind": "primitive",
            "typeNamespace": "nasl.core",
            "typeName": "Decimal"
          },
          "required": false
        },
        {
          "concept": "Param",
          "name": "b",
          "description": "第二个乘数",
          "typeAnnotation": {
            "concept": "TypeAnnotation",
            "typeKind": "primitive",
            "typeNamespace": "nasl.core",
            "typeName": "Decimal"
          },
          "required": false
        }
      ],
      "returns": [{
        "concept": "Return",
        "name": "result",
        "description": "两数之积",
        "typeAnnotation": {
          "concept": "TypeAnnotation",
          "typeKind": "union",
          "typeNamespace": "nasl.core",
          "typeName": "Union",
          "typeArguments": [
            {
              "concept": "TypeAnnotation",
              "typeKind": "primitive",
              "typeNamespace": "nasl.core",
              "typeName": "Decimal"
            },
            {
              "concept": "TypeAnnotation",
              "typeKind": "reference",
              "typeNamespace": "nasl.ui",
              "typeName": "Error"
            }
          ]
        }
      }]
    },
    {
      "concept": "Logic",
      "name": "multiplyRounded",
      "description": "计算两数之积，保留两位小数，四舍五入",
      "overridable": false,
      "params": [
        {
          "concept": "Param",
          "name": "a",
          "description": "第一个乘数",
          "typeAnnotation": {
            "concept": "TypeAnnotation",
            "typeKind": "primitive",
            "typeNamespace": "nasl.core",
            "typeName": "Decimal"
          },
          "required": false
        },
        {
          "concept": "Param",
          "name": "b",
          "description": "第二个乘数",
          "typeAnnotation": {
            "concept": "TypeAnnotation",
            "typeKind": "primitive",
            "typeNamespace": "nasl.core",
            "typeName": "Decimal"
          },
          "required": false
        }
      ],
      "returns": [{
        "concept": "Return",
        "name": "result",
        "description": "两数之积",
        "typeAnnotation": {
          "concept": "TypeAnnotation",
          "typeKind": "union",
          "typeNamespace": "nasl.core",
          "typeName": "Union",
          "typeArguments": [
            {
              "concept": "TypeAnnotation",
              "typeKind": "primitive",
              "typeNamespace": "nasl.core",
              "typeName": "Decimal"
            },
            {
              "concept": "TypeAnnotation",
              "typeKind": "reference",
              "typeNamespace": "nasl.ui",
              "typeName": "Error"
            }
          ]
        }
      }]
    },
    {
      "concept": "Logic",
      "name": "multiplyCeiling",
      "description": "计算两数之积，保留两位小数，向上取整",
      "overridable": false,
      "params": [
        {
          "concept": "Param",
          "name": "a",
          "description": "第一个乘数",
          "typeAnnotation": {
            "concept": "TypeAnnotation",
            "typeKind": "primitive",
            "typeNamespace": "nasl.core",
            "typeName": "Decimal"
          },
          "required": false
        },
        {
          "concept": "Param",
          "name": "b",
          "description": "第二个乘数",
          "typeAnnotation": {
            "concept": "TypeAnnotation",
            "typeKind": "primitive",
            "typeNamespace": "nasl.core",
            "typeName": "Decimal"
          },
          "required": false
        }
      ],
      "returns": [{
        "concept": "Return",
        "name": "result",
        "description": "两数之积",
        "typeAnnotation": {
          "concept": "TypeAnnotation",
          "typeKind": "union",
          "typeNamespace": "nasl.core",
          "typeName": "Union",
          "typeArguments": [
            {
              "concept": "TypeAnnotation",
              "typeKind": "primitive",
              "typeNamespace": "nasl.core",
              "typeName": "Decimal"
            },
            {
              "concept": "TypeAnnotation",
              "typeKind": "reference",
              "typeNamespace": "nasl.ui",
              "typeName": "Error"
            }
          ]
        }
      }]
    },
    {
      "concept": "Logic",
      "name": "multiplyFloor",
      "description": "计算两数之积，保留两位小数，向下取整",
      "overridable": false,
      "params": [
        {
          "concept": "Param",
          "name": "a",
          "description": "第一个乘数",
          "typeAnnotation": {
            "concept": "TypeAnnotation",
            "typeKind": "primitive",
            "typeNamespace": "nasl.core",
            "typeName": "Decimal"
          },
          "required": false
        },
        {
          "concept": "Param",
          "name": "b",
          "description": "第二个乘数",
          "typeAnnotation": {
            "concept": "TypeAnnotation",
            "typeKind": "primitive",
            "typeNamespace": "nasl.core",
            "typeName": "Decimal"
          },
          "required": false
        }
      ],
      "returns": [{
        "concept": "Return",
        "name": "result",
        "description": "两数之积",
        "typeAnnotation": {
          "concept": "TypeAnnotation",
          "typeKind": "union",
          "typeNamespace": "nasl.core",
          "typeName": "Union",
          "typeArguments": [
            {
              "concept": "TypeAnnotation",
              "typeKind": "primitive",
              "typeNamespace": "nasl.core",
              "typeName": "Decimal"
            },
            {
              "concept": "TypeAnnotation",
              "typeKind": "reference",
              "typeNamespace": "nasl.ui",
              "typeName": "Error"
            }
          ]
        }
      }]
    },
    {
      "concept": "Logic",
      "name": "multiplyCustomScale",
      "description": "计算两数之积，自定义保留小数位数和取舍方式",
      "overridable": false,
      "params": [
        {
          "concept": "Param",
          "name": "a",
          "description": "第一个乘数",
          "typeAnnotation": {
            "concept": "TypeAnnotation",
            "typeKind": "primitive",
            "typeNamespace": "nasl.core",
            "typeName": "Decimal"
          },
          "required": false
        },
        {
          "concept": "Param",
          "name": "b",
          "description": "第二个乘数",
          "typeAnnotation": {
            "concept": "TypeAnnotation",
            "typeKind": "primitive",
            "typeNamespace": "nasl.core",
            "typeName": "Decimal"
          },
          "required": false
        },
        {
          "concept": "Param",
          "name": "scale",
          "description": "结果的精度（小数点后的位数），必须是非负整数",
          "typeAnnotation": {
            "concept": "TypeAnnotation",
            "typeKind": "primitive",
            "typeNamespace": "nasl.core",
            "typeName": "Long"
          },
          "required": false
        },
        {
          "concept": "Param",
          "name": "roundingType",
          "description": "取舍方式：0 - 不进行取舍，1 - 四舍五入，2 - 向上取整，3 - 向下取整",
          "typeAnnotation": {
            "concept": "TypeAnnotation",
            "typeKind": "primitive",
            "typeNamespace": "nasl.core",
            "typeName": "Long"
          },
          "required": false
        }
      ],
      "returns": [{
        "concept": "Return",
        "name": "result",
        "description": "两数之积",
        "typeAnnotation": {
          "concept": "TypeAnnotation",
          "typeKind": "union",
          "typeNamespace": "nasl.core",
          "typeName": "Union",
          "typeArguments": [
            {
              "concept": "TypeAnnotation",
              "typeKind": "primitive",
              "typeNamespace": "nasl.core",
              "typeName": "Decimal"
            },
            {
              "concept": "TypeAnnotation",
              "typeKind": "reference",
              "typeNamespace": "nasl.ui",
              "typeName": "Error"
            }
          ]
        }
      }]
    }
  ]
}