{
  "ideVersion": "3.3",
  "name": "IDUtil",
  "title": "IDUtil依赖库",
  "description": "",
  "specVersion": "1.0.0",
  "type": "module",
  "subType": "extension",
  "version": "1.0.0",
  "externalDependencyMap": {"maven": [{
    "groupId": "com.netease.lowcode",
    "artifactId": "IDUtil",
    "version": "1.0.0"
  }]},
  "compilerInfoMap": {"java": [{
    "modifiers": [
      "public",
      "static"
    ],
    "type": "logic",
    "className": "IDUtil",
    "packageName": "com.netease.lib.generate",
    "javaTypes": {
      "": "String",
      "stringLength": "Integer",
      "includeDigits": "Boolean",
      "includeLetters": "Boolean"
    },
    "naslName": "generateRandomString"
  }]},
  "configuration": {
    "groups": [{
      "name": "custom",
      "properties": [
        {
          "name": "randomString",
          "values": [
            {
              "value": "",
              "concept": "ConfigPropertyValue",
              "env": "dev"
            },
            {
              "value": "",
              "concept": "ConfigPropertyValue",
              "env": "online"
            }
          ],
          "concept": "ConfigProperty"
        },
        {
          "name": "isDigits",
          "values": [
            {
              "value": "",
              "concept": "ConfigPropertyValue",
              "env": "dev"
            },
            {
              "value": "",
              "concept": "ConfigPropertyValue",
              "env": "online"
            }
          ],
          "concept": "ConfigProperty"
        },
        {
          "name": "isLetters",
          "values": [
            {
              "value": "",
              "concept": "ConfigPropertyValue",
              "env": "dev"
            },
            {
              "value": "",
              "concept": "ConfigPropertyValue",
              "env": "online"
            }
          ],
          "concept": "ConfigProperty"
        }
      ],
      "concept": "ConfigGroup"
    }],
    "concept": "Configuration"
  },
  "logics": [{
    "name": "generateRandomString",
    "description": "生成随机字符串",
    "params": [
      {
        "name": "stringLength",
        "description": "生成随机字符串的长度",
        "required": false,
        "concept": "Param",
        "typeAnnotation": {
          "typeName": "Long",
          "typeNamespace": "nasl.core",
          "concept": "TypeAnnotation",
          "typeKind": "primitive"
        }
      },
      {
        "name": "includeDigits",
        "description": "是否包含数字",
        "required": false,
        "concept": "Param",
        "typeAnnotation": {
          "typeName": "Boolean",
          "typeNamespace": "nasl.core",
          "concept": "TypeAnnotation",
          "typeKind": "primitive"
        }
      },
      {
        "name": "includeLetters",
        "description": "是否包含字母",
        "required": false,
        "concept": "Param",
        "typeAnnotation": {
          "typeName": "Boolean",
          "typeNamespace": "nasl.core",
          "concept": "TypeAnnotation",
          "typeKind": "primitive"
        }
      }
    ],
    "returns": [{
      "name": "result",
      "description": "随机字符串",
      "concept": "Return",
      "typeAnnotation": {
        "typeName": "Union",
        "typeNamespace": "nasl.core",
        "typeArguments": [
          {
            "typeName": "String",
            "typeNamespace": "nasl.core",
            "concept": "TypeAnnotation",
            "typeKind": "primitive"
          },
          {
            "typeName": "Error",
            "typeNamespace": "nasl.ui",
            "concept": "TypeAnnotation",
            "typeKind": "reference"
          }
        ],
        "concept": "TypeAnnotation",
        "typeKind": "union"
      }
    }],
    "concept": "Logic",
    "overridable": false
  }]
}