{
  "ideVersion": "3.3",
  "name": "data_masking",
  "title": "数据脱敏依赖库",
  "description": "",
  "specVersion": "1.0.0",
  "type": "module",
  "subType": "extension",
  "version": "1.0.1",
  "externalDependencyMap": {"maven": [{
    "groupId": "newease.lowcode",
    "artifactId": "data-masking",
    "version": "1.0.1"
  }]},
  "compilerInfoMap": {"java": [
    {
      "modifiers": ["public"],
      "type": "logic",
      "className": "BulkDataMasking",
      "packageName": "newease.lowcode.data.masking",
      "javaTypes": {
        "": "List<String>",
        "phoneList": "List<String>"
      },
      "naslName": "mobilePhoneBulkDataMasking"
    },
    {
      "modifiers": ["public"],
      "type": "logic",
      "className": "BulkDataMasking",
      "packageName": "newease.lowcode.data.masking",
      "javaTypes": {
        "": "List<String>",
        "chineseNameList": "List<String>"
      },
      "naslName": "chineseNameBulkDataMasking"
    },
    {
      "modifiers": ["public"],
      "type": "logic",
      "className": "BulkDataMasking",
      "packageName": "newease.lowcode.data.masking",
      "javaTypes": {
        "": "List<String>",
        "idCardNumList": "List<String>",
        "startSaveLength": "Integer",
        "endSaveLength": "Integer"
      },
      "naslName": "idCardNumBulkDataMasking"
    },
    {
      "modifiers": ["public"],
      "type": "logic",
      "className": "BulkDataMasking",
      "packageName": "newease.lowcode.data.masking",
      "javaTypes": {
        "": "List<String>",
        "emailList": "List<String>"
      },
      "naslName": "emailBulkDataMasking"
    },
    {
      "modifiers": ["public"],
      "type": "logic",
      "className": "BulkDataMasking",
      "packageName": "newease.lowcode.data.masking",
      "javaTypes": {
        "": "List<String>",
        "bankCardList": "List<String>"
      },
      "naslName": "bankCardBulkDataMasking"
    },
    {
      "modifiers": ["public"],
      "type": "logic",
      "className": "BulkDataMasking",
      "packageName": "newease.lowcode.data.masking",
      "javaTypes": {
        "": "List<String>",
        "addressList": "List<String>",
        "sensitiveSize": "Integer"
      },
      "naslName": "addressBulkDataMasking"
    },
    {
      "modifiers": ["public"],
      "type": "logic",
      "className": "BulkDataMasking",
      "packageName": "newease.lowcode.data.masking",
      "javaTypes": {
        "": "List<String>",
        "passwordList": "List<String>"
      },
      "naslName": "passwordBulkDataMasking"
    },
    {
      "modifiers": ["public"],
      "type": "logic",
      "className": "BulkDataMasking",
      "packageName": "newease.lowcode.data.masking",
      "javaTypes": {
        "": "List<String>",
        "ipv4List": "List<String>"
      },
      "naslName": "ipv4BulkDataMasking"
    },
    {
      "modifiers": ["public"],
      "type": "logic",
      "className": "BulkDataMasking",
      "packageName": "newease.lowcode.data.masking",
      "javaTypes": {
        "": "List<String>",
        "ipv6List": "List<String>"
      },
      "naslName": "ipv6BulkDataMasking"
    },
    {
      "modifiers": ["public"],
      "type": "logic",
      "className": "BulkDataMasking",
      "packageName": "newease.lowcode.data.masking",
      "javaTypes": {
        "": "List<String>",
        "textList": "List<String>",
        "start": "Integer",
        "desensitizationLength": "Integer",
        "maskChar": "String"
      },
      "naslName": "generalBulkDataMasking"
    },
    {
      "modifiers": [
        "public",
        "static"
      ],
      "type": "logic",
      "className": "SingleDataMasking",
      "packageName": "newease.lowcode.data.masking",
      "javaTypes": {
        "": "String",
        "phone": "String"
      },
      "naslName": "mobilePhoneSingleDataMasking"
    },
    {
      "modifiers": ["public"],
      "type": "logic",
      "className": "SingleDataMasking",
      "packageName": "newease.lowcode.data.masking",
      "javaTypes": {
        "": "String",
        "chineseName": "String"
      },
      "naslName": "chineseNameSingleDataMasking"
    },
    {
      "modifiers": ["public"],
      "type": "logic",
      "className": "SingleDataMasking",
      "packageName": "newease.lowcode.data.masking",
      "javaTypes": {
        "": "String",
        "idCardNum": "String",
        "startSaveLength": "Integer",
        "endSaveLength": "Integer"
      },
      "naslName": "idCardNumSingleDataMasking"
    },
    {
      "modifiers": ["public"],
      "type": "logic",
      "className": "SingleDataMasking",
      "packageName": "newease.lowcode.data.masking",
      "javaTypes": {
        "": "String",
        "email": "String"
      },
      "naslName": "emailSingleDataMasking"
    },
    {
      "modifiers": ["public"],
      "type": "logic",
      "className": "SingleDataMasking",
      "packageName": "newease.lowcode.data.masking",
      "javaTypes": {
        "": "String",
        "bankCard": "String"
      },
      "naslName": "bankCardSingleDataMasking"
    },
    {
      "modifiers": ["public"],
      "type": "logic",
      "className": "SingleDataMasking",
      "packageName": "newease.lowcode.data.masking",
      "javaTypes": {
        "": "String",
        "address": "String",
        "sensitiveSize": "Integer"
      },
      "naslName": "addressSingleDataMasking"
    },
    {
      "modifiers": ["public"],
      "type": "logic",
      "className": "SingleDataMasking",
      "packageName": "newease.lowcode.data.masking",
      "javaTypes": {
        "": "String",
        "password": "String"
      },
      "naslName": "passwordSingleDataMasking"
    },
    {
      "modifiers": ["public"],
      "type": "logic",
      "className": "SingleDataMasking",
      "packageName": "newease.lowcode.data.masking",
      "javaTypes": {
        "": "String",
        "ipv4": "String"
      },
      "naslName": "ipv4SingleDataMasking"
    },
    {
      "modifiers": ["public"],
      "type": "logic",
      "className": "SingleDataMasking",
      "packageName": "newease.lowcode.data.masking",
      "javaTypes": {
        "": "String",
        "ipv6": "String"
      },
      "naslName": "ipv6SingleDataMasking"
    },
    {
      "modifiers": ["public"],
      "type": "logic",
      "className": "SingleDataMasking",
      "packageName": "newease.lowcode.data.masking",
      "javaTypes": {
        "": "String",
        "text": "String",
        "start": "Integer",
        "desensitizationLength": "Integer",
        "maskChar": "String"
      },
      "naslName": "generalSingleDataMasking"
    }
  ]},
  "logics": [
    {
      "name": "mobilePhoneBulkDataMasking",
      "description": "手机号批量脱敏 例:183****5376",
      "params": [{
        "name": "phoneList",
        "description": "手机号列表",
        "typeAnnotation": {
          "typeName": "List",
          "typeArguments": [{
            "typeName": "String",
            "concept": "TypeAnnotation",
            "typeNamespace": "nasl.core",
            "typeKind": "primitive"
          }],
          "concept": "TypeAnnotation",
          "typeNamespace": "nasl.collection",
          "typeKind": "generic"
        },
        "concept": "Param",
        "required": false
      }],
      "overridable": false,
      "concept": "Logic",
      "returns": [{
        "name": "result",
        "description": "",
        "typeAnnotation": {
          "typeName": "Union",
          "typeArguments": [
            {
              "typeName": "List",
              "typeArguments": [{
                "typeName": "String",
                "concept": "TypeAnnotation",
                "typeNamespace": "nasl.core",
                "typeKind": "primitive"
              }],
              "concept": "TypeAnnotation",
              "typeNamespace": "nasl.collection",
              "typeKind": "generic"
            },
            {
              "typeName": "Error",
              "concept": "TypeAnnotation",
              "typeNamespace": "nasl.ui",
              "typeKind": "reference"
            }
          ],
          "concept": "TypeAnnotation",
          "typeNamespace": "nasl.core",
          "typeKind": "union"
        },
        "concept": "Return"
      }]
    },
    {
      "name": "chineseNameBulkDataMasking",
      "description": "中国姓名批量脱敏 例:张*",
      "params": [{
        "name": "chineseNameList",
        "description": "中国姓名列表",
        "typeAnnotation": {
          "typeName": "List",
          "typeArguments": [{
            "typeName": "String",
            "concept": "TypeAnnotation",
            "typeNamespace": "nasl.core",
            "typeKind": "primitive"
          }],
          "concept": "TypeAnnotation",
          "typeNamespace": "nasl.collection",
          "typeKind": "generic"
        },
        "concept": "Param",
        "required": false
      }],
      "overridable": false,
      "concept": "Logic",
      "returns": [{
        "name": "result",
        "description": "",
        "typeAnnotation": {
          "typeName": "Union",
          "typeArguments": [
            {
              "typeName": "List",
              "typeArguments": [{
                "typeName": "String",
                "concept": "TypeAnnotation",
                "typeNamespace": "nasl.core",
                "typeKind": "primitive"
              }],
              "concept": "TypeAnnotation",
              "typeNamespace": "nasl.collection",
              "typeKind": "generic"
            },
            {
              "typeName": "Error",
              "concept": "TypeAnnotation",
              "typeNamespace": "nasl.ui",
              "typeKind": "reference"
            }
          ],
          "concept": "TypeAnnotation",
          "typeNamespace": "nasl.core",
          "typeKind": "union"
        },
        "concept": "Return"
      }]
    },
    {
      "name": "idCardNumBulkDataMasking",
      "description": "身份证号码批量脱敏 例:410***********0093",
      "params": [
        {
          "name": "idCardNumList",
          "description": "身份证号码",
          "typeAnnotation": {
            "typeName": "List",
            "typeArguments": [{
              "typeName": "String",
              "concept": "TypeAnnotation",
              "typeNamespace": "nasl.core",
              "typeKind": "primitive"
            }],
            "concept": "TypeAnnotation",
            "typeNamespace": "nasl.collection",
            "typeKind": "generic"
          },
          "concept": "Param",
          "required": false
        },
        {
          "name": "startSaveLength",
          "description": "需要保留的身份证号码开头的长度",
          "typeAnnotation": {
            "typeName": "Long",
            "concept": "TypeAnnotation",
            "typeNamespace": "nasl.core",
            "typeKind": "primitive"
          },
          "concept": "Param",
          "required": false
        },
        {
          "name": "endSaveLength",
          "description": "需要保留的身份证号码末尾的长度",
          "typeAnnotation": {
            "typeName": "Long",
            "concept": "TypeAnnotation",
            "typeNamespace": "nasl.core",
            "typeKind": "primitive"
          },
          "concept": "Param",
          "required": false
        }
      ],
      "overridable": false,
      "concept": "Logic",
      "returns": [{
        "name": "result",
        "description": "",
        "typeAnnotation": {
          "typeName": "Union",
          "typeArguments": [
            {
              "typeName": "List",
              "typeArguments": [{
                "typeName": "String",
                "concept": "TypeAnnotation",
                "typeNamespace": "nasl.core",
                "typeKind": "primitive"
              }],
              "concept": "TypeAnnotation",
              "typeNamespace": "nasl.collection",
              "typeKind": "generic"
            },
            {
              "typeName": "Error",
              "concept": "TypeAnnotation",
              "typeNamespace": "nasl.ui",
              "typeKind": "reference"
            }
          ],
          "concept": "TypeAnnotation",
          "typeNamespace": "nasl.core",
          "typeKind": "union"
        },
        "concept": "Return"
      }]
    },
    {
      "name": "emailBulkDataMasking",
      "description": "邮箱批量脱敏 例:w***********@163.com",
      "params": [{
        "name": "emailList",
        "description": "邮箱",
        "typeAnnotation": {
          "typeName": "List",
          "typeArguments": [{
            "typeName": "String",
            "concept": "TypeAnnotation",
            "typeNamespace": "nasl.core",
            "typeKind": "primitive"
          }],
          "concept": "TypeAnnotation",
          "typeNamespace": "nasl.collection",
          "typeKind": "generic"
        },
        "concept": "Param",
        "required": false
      }],
      "overridable": false,
      "concept": "Logic",
      "returns": [{
        "name": "result",
        "description": "",
        "typeAnnotation": {
          "typeName": "Union",
          "typeArguments": [
            {
              "typeName": "List",
              "typeArguments": [{
                "typeName": "String",
                "concept": "TypeAnnotation",
                "typeNamespace": "nasl.core",
                "typeKind": "primitive"
              }],
              "concept": "TypeAnnotation",
              "typeNamespace": "nasl.collection",
              "typeKind": "generic"
            },
            {
              "typeName": "Error",
              "concept": "TypeAnnotation",
              "typeNamespace": "nasl.ui",
              "typeKind": "reference"
            }
          ],
          "concept": "TypeAnnotation",
          "typeNamespace": "nasl.core",
          "typeKind": "union"
        },
        "concept": "Return"
      }]
    },
    {
      "name": "bankCardBulkDataMasking",
      "description": "银行卡批量脱敏 例:6200 **** **** 1785",
      "params": [{
        "name": "bankCardList",
        "description": "银行卡",
        "typeAnnotation": {
          "typeName": "List",
          "typeArguments": [{
            "typeName": "String",
            "concept": "TypeAnnotation",
            "typeNamespace": "nasl.core",
            "typeKind": "primitive"
          }],
          "concept": "TypeAnnotation",
          "typeNamespace": "nasl.collection",
          "typeKind": "generic"
        },
        "concept": "Param",
        "required": false
      }],
      "overridable": false,
      "concept": "Logic",
      "returns": [{
        "name": "result",
        "description": "",
        "typeAnnotation": {
          "typeName": "Union",
          "typeArguments": [
            {
              "typeName": "List",
              "typeArguments": [{
                "typeName": "String",
                "concept": "TypeAnnotation",
                "typeNamespace": "nasl.core",
                "typeKind": "primitive"
              }],
              "concept": "TypeAnnotation",
              "typeNamespace": "nasl.collection",
              "typeKind": "generic"
            },
            {
              "typeName": "Error",
              "concept": "TypeAnnotation",
              "typeNamespace": "nasl.ui",
              "typeKind": "reference"
            }
          ],
          "concept": "TypeAnnotation",
          "typeNamespace": "nasl.core",
          "typeKind": "union"
        },
        "concept": "Return"
      }]
    },
    {
      "name": "addressBulkDataMasking",
      "description": "地址批量脱敏 例:杭州市滨江区************",
      "params": [
        {
          "name": "addressList",
          "description": "地址",
          "typeAnnotation": {
            "typeName": "List",
            "typeArguments": [{
              "typeName": "String",
              "concept": "TypeAnnotation",
              "typeNamespace": "nasl.core",
              "typeKind": "primitive"
            }],
            "concept": "TypeAnnotation",
            "typeNamespace": "nasl.collection",
            "typeKind": "generic"
          },
          "concept": "Param",
          "required": false
        },
        {
          "name": "sensitiveSize",
          "description": "需要格式化为*的长度，从后往前",
          "typeAnnotation": {
            "typeName": "Long",
            "concept": "TypeAnnotation",
            "typeNamespace": "nasl.core",
            "typeKind": "primitive"
          },
          "concept": "Param",
          "required": false
        }
      ],
      "overridable": false,
      "concept": "Logic",
      "returns": [{
        "name": "result",
        "description": "",
        "typeAnnotation": {
          "typeName": "Union",
          "typeArguments": [
            {
              "typeName": "List",
              "typeArguments": [{
                "typeName": "String",
                "concept": "TypeAnnotation",
                "typeNamespace": "nasl.core",
                "typeKind": "primitive"
              }],
              "concept": "TypeAnnotation",
              "typeNamespace": "nasl.collection",
              "typeKind": "generic"
            },
            {
              "typeName": "Error",
              "concept": "TypeAnnotation",
              "typeNamespace": "nasl.ui",
              "typeKind": "reference"
            }
          ],
          "concept": "TypeAnnotation",
          "typeNamespace": "nasl.core",
          "typeKind": "union"
        },
        "concept": "Return"
      }]
    },
    {
      "name": "passwordBulkDataMasking",
      "description": "密码批量脱敏 例:**************",
      "params": [{
        "name": "passwordList",
        "description": "密码",
        "typeAnnotation": {
          "typeName": "List",
          "typeArguments": [{
            "typeName": "String",
            "concept": "TypeAnnotation",
            "typeNamespace": "nasl.core",
            "typeKind": "primitive"
          }],
          "concept": "TypeAnnotation",
          "typeNamespace": "nasl.collection",
          "typeKind": "generic"
        },
        "concept": "Param",
        "required": false
      }],
      "overridable": false,
      "concept": "Logic",
      "returns": [{
        "name": "result",
        "description": "",
        "typeAnnotation": {
          "typeName": "Union",
          "typeArguments": [
            {
              "typeName": "List",
              "typeArguments": [{
                "typeName": "String",
                "concept": "TypeAnnotation",
                "typeNamespace": "nasl.core",
                "typeKind": "primitive"
              }],
              "concept": "TypeAnnotation",
              "typeNamespace": "nasl.collection",
              "typeKind": "generic"
            },
            {
              "typeName": "Error",
              "concept": "TypeAnnotation",
              "typeNamespace": "nasl.ui",
              "typeKind": "reference"
            }
          ],
          "concept": "TypeAnnotation",
          "typeNamespace": "nasl.core",
          "typeKind": "union"
        },
        "concept": "Return"
      }]
    },
    {
      "name": "ipv4BulkDataMasking",
      "description": "ipv4批量脱敏 例:192",
      "params": [{
        "name": "ipv4List",
        "description": "ipv4",
        "typeAnnotation": {
          "typeName": "List",
          "typeArguments": [{
            "typeName": "String",
            "concept": "TypeAnnotation",
            "typeNamespace": "nasl.core",
            "typeKind": "primitive"
          }],
          "concept": "TypeAnnotation",
          "typeNamespace": "nasl.collection",
          "typeKind": "generic"
        },
        "concept": "Param",
        "required": false
      }],
      "overridable": false,
      "concept": "Logic",
      "returns": [{
        "name": "result",
        "description": "",
        "typeAnnotation": {
          "typeName": "Union",
          "typeArguments": [
            {
              "typeName": "List",
              "typeArguments": [{
                "typeName": "String",
                "concept": "TypeAnnotation",
                "typeNamespace": "nasl.core",
                "typeKind": "primitive"
              }],
              "concept": "TypeAnnotation",
              "typeNamespace": "nasl.collection",
              "typeKind": "generic"
            },
            {
              "typeName": "Error",
              "concept": "TypeAnnotation",
              "typeNamespace": "nasl.ui",
              "typeKind": "reference"
            }
          ],
          "concept": "TypeAnnotation",
          "typeNamespace": "nasl.core",
          "typeKind": "union"
        },
        "concept": "Return"
      }]
    },
    {
      "name": "ipv6BulkDataMasking",
      "description": "ipv6批量脱敏 例:FC00:*:*:*:*:*:*:*",
      "params": [{
        "name": "ipv6List",
        "description": "ipv6",
        "typeAnnotation": {
          "typeName": "List",
          "typeArguments": [{
            "typeName": "String",
            "concept": "TypeAnnotation",
            "typeNamespace": "nasl.core",
            "typeKind": "primitive"
          }],
          "concept": "TypeAnnotation",
          "typeNamespace": "nasl.collection",
          "typeKind": "generic"
        },
        "concept": "Param",
        "required": false
      }],
      "overridable": false,
      "concept": "Logic",
      "returns": [{
        "name": "result",
        "description": "",
        "typeAnnotation": {
          "typeName": "Union",
          "typeArguments": [
            {
              "typeName": "List",
              "typeArguments": [{
                "typeName": "String",
                "concept": "TypeAnnotation",
                "typeNamespace": "nasl.core",
                "typeKind": "primitive"
              }],
              "concept": "TypeAnnotation",
              "typeNamespace": "nasl.collection",
              "typeKind": "generic"
            },
            {
              "typeName": "Error",
              "concept": "TypeAnnotation",
              "typeNamespace": "nasl.ui",
              "typeKind": "reference"
            }
          ],
          "concept": "TypeAnnotation",
          "typeNamespace": "nasl.core",
          "typeKind": "union"
        },
        "concept": "Return"
      }]
    },
    {
      "name": "generalBulkDataMasking",
      "description": "自定义批量脱敏 可自定义脱敏内容、开始位置、脱敏长度、脱敏字符",
      "params": [
        {
          "name": "textList",
          "description": "脱敏文本",
          "typeAnnotation": {
            "typeName": "List",
            "typeArguments": [{
              "typeName": "String",
              "concept": "TypeAnnotation",
              "typeNamespace": "nasl.core",
              "typeKind": "primitive"
            }],
            "concept": "TypeAnnotation",
            "typeNamespace": "nasl.collection",
            "typeKind": "generic"
          },
          "concept": "Param",
          "required": false
        },
        {
          "name": "start",
          "description": "开始位置",
          "typeAnnotation": {
            "typeName": "Long",
            "concept": "TypeAnnotation",
            "typeNamespace": "nasl.core",
            "typeKind": "primitive"
          },
          "concept": "Param",
          "required": false
        },
        {
          "name": "desensitizationLength",
          "description": "长度",
          "typeAnnotation": {
            "typeName": "Long",
            "concept": "TypeAnnotation",
            "typeNamespace": "nasl.core",
            "typeKind": "primitive"
          },
          "concept": "Param",
          "required": false
        },
        {
          "name": "maskChar",
          "description": "脱敏字符",
          "typeAnnotation": {
            "typeName": "String",
            "concept": "TypeAnnotation",
            "typeNamespace": "nasl.core",
            "typeKind": "primitive"
          },
          "concept": "Param",
          "required": false
        }
      ],
      "overridable": false,
      "concept": "Logic",
      "returns": [{
        "name": "result",
        "description": "",
        "typeAnnotation": {
          "typeName": "Union",
          "typeArguments": [
            {
              "typeName": "List",
              "typeArguments": [{
                "typeName": "String",
                "concept": "TypeAnnotation",
                "typeNamespace": "nasl.core",
                "typeKind": "primitive"
              }],
              "concept": "TypeAnnotation",
              "typeNamespace": "nasl.collection",
              "typeKind": "generic"
            },
            {
              "typeName": "Error",
              "concept": "TypeAnnotation",
              "typeNamespace": "nasl.ui",
              "typeKind": "reference"
            }
          ],
          "concept": "TypeAnnotation",
          "typeNamespace": "nasl.core",
          "typeKind": "union"
        },
        "concept": "Return"
      }]
    },
    {
      "name": "mobilePhoneSingleDataMasking",
      "description": "手机号脱敏 例:183****5376",
      "params": [{
        "name": "phone",
        "description": "手机号",
        "typeAnnotation": {
          "typeName": "String",
          "concept": "TypeAnnotation",
          "typeNamespace": "nasl.core",
          "typeKind": "primitive"
        },
        "concept": "Param",
        "required": false
      }],
      "overridable": false,
      "concept": "Logic",
      "returns": [{
        "name": "result",
        "description": "",
        "typeAnnotation": {
          "typeName": "Union",
          "typeArguments": [
            {
              "typeName": "String",
              "concept": "TypeAnnotation",
              "typeNamespace": "nasl.core",
              "typeKind": "primitive"
            },
            {
              "typeName": "Error",
              "concept": "TypeAnnotation",
              "typeNamespace": "nasl.ui",
              "typeKind": "reference"
            }
          ],
          "concept": "TypeAnnotation",
          "typeNamespace": "nasl.core",
          "typeKind": "union"
        },
        "concept": "Return"
      }]
    },
    {
      "name": "chineseNameSingleDataMasking",
      "description": "中国姓名脱敏 例:王**",
      "params": [{
        "name": "chineseName",
        "description": "中国姓名",
        "typeAnnotation": {
          "typeName": "String",
          "concept": "TypeAnnotation",
          "typeNamespace": "nasl.core",
          "typeKind": "primitive"
        },
        "concept": "Param",
        "required": false
      }],
      "overridable": false,
      "concept": "Logic",
      "returns": [{
        "name": "result",
        "description": "",
        "typeAnnotation": {
          "typeName": "Union",
          "typeArguments": [
            {
              "typeName": "String",
              "concept": "TypeAnnotation",
              "typeNamespace": "nasl.core",
              "typeKind": "primitive"
            },
            {
              "typeName": "Error",
              "concept": "TypeAnnotation",
              "typeNamespace": "nasl.ui",
              "typeKind": "reference"
            }
          ],
          "concept": "TypeAnnotation",
          "typeNamespace": "nasl.core",
          "typeKind": "union"
        },
        "concept": "Return"
      }]
    },
    {
      "name": "idCardNumSingleDataMasking",
      "description": "身份证号码脱敏 例:410***********0093",
      "params": [
        {
          "name": "idCardNum",
          "description": "身份证号码",
          "typeAnnotation": {
            "typeName": "String",
            "concept": "TypeAnnotation",
            "typeNamespace": "nasl.core",
            "typeKind": "primitive"
          },
          "concept": "Param",
          "required": false
        },
        {
          "name": "startSaveLength",
          "description": "需要保留的身份证号码开头的长度",
          "typeAnnotation": {
            "typeName": "Long",
            "concept": "TypeAnnotation",
            "typeNamespace": "nasl.core",
            "typeKind": "primitive"
          },
          "concept": "Param",
          "required": false
        },
        {
          "name": "endSaveLength",
          "description": "需要保留的身份证号码末尾的长度",
          "typeAnnotation": {
            "typeName": "Long",
            "concept": "TypeAnnotation",
            "typeNamespace": "nasl.core",
            "typeKind": "primitive"
          },
          "concept": "Param",
          "required": false
        }
      ],
      "overridable": false,
      "concept": "Logic",
      "returns": [{
        "name": "result",
        "description": "",
        "typeAnnotation": {
          "typeName": "Union",
          "typeArguments": [
            {
              "typeName": "String",
              "concept": "TypeAnnotation",
              "typeNamespace": "nasl.core",
              "typeKind": "primitive"
            },
            {
              "typeName": "Error",
              "concept": "TypeAnnotation",
              "typeNamespace": "nasl.ui",
              "typeKind": "reference"
            }
          ],
          "concept": "TypeAnnotation",
          "typeNamespace": "nasl.core",
          "typeKind": "union"
        },
        "concept": "Return"
      }]
    },
    {
      "name": "emailSingleDataMasking",
      "description": "邮箱脱敏 例:w***********@163.com",
      "params": [{
        "name": "email",
        "description": "邮箱",
        "typeAnnotation": {
          "typeName": "String",
          "concept": "TypeAnnotation",
          "typeNamespace": "nasl.core",
          "typeKind": "primitive"
        },
        "concept": "Param",
        "required": false
      }],
      "overridable": false,
      "concept": "Logic",
      "returns": [{
        "name": "result",
        "description": "",
        "typeAnnotation": {
          "typeName": "Union",
          "typeArguments": [
            {
              "typeName": "String",
              "concept": "TypeAnnotation",
              "typeNamespace": "nasl.core",
              "typeKind": "primitive"
            },
            {
              "typeName": "Error",
              "concept": "TypeAnnotation",
              "typeNamespace": "nasl.ui",
              "typeKind": "reference"
            }
          ],
          "concept": "TypeAnnotation",
          "typeNamespace": "nasl.core",
          "typeKind": "union"
        },
        "concept": "Return"
      }]
    },
    {
      "name": "bankCardSingleDataMasking",
      "description": "银行卡脱敏 例:6200 **** **** 1785",
      "params": [{
        "name": "bankCard",
        "description": "银行卡",
        "typeAnnotation": {
          "typeName": "String",
          "concept": "TypeAnnotation",
          "typeNamespace": "nasl.core",
          "typeKind": "primitive"
        },
        "concept": "Param",
        "required": false
      }],
      "overridable": false,
      "concept": "Logic",
      "returns": [{
        "name": "result",
        "description": "",
        "typeAnnotation": {
          "typeName": "Union",
          "typeArguments": [
            {
              "typeName": "String",
              "concept": "TypeAnnotation",
              "typeNamespace": "nasl.core",
              "typeKind": "primitive"
            },
            {
              "typeName": "Error",
              "concept": "TypeAnnotation",
              "typeNamespace": "nasl.ui",
              "typeKind": "reference"
            }
          ],
          "concept": "TypeAnnotation",
          "typeNamespace": "nasl.core",
          "typeKind": "union"
        },
        "concept": "Return"
      }]
    },
    {
      "name": "addressSingleDataMasking",
      "description": "地址脱敏 例:杭州市滨江区************",
      "params": [
        {
          "name": "address",
          "description": "地址",
          "typeAnnotation": {
            "typeName": "String",
            "concept": "TypeAnnotation",
            "typeNamespace": "nasl.core",
            "typeKind": "primitive"
          },
          "concept": "Param",
          "required": false
        },
        {
          "name": "sensitiveSize",
          "description": "需要格式化为*的长度，从后往前",
          "typeAnnotation": {
            "typeName": "Long",
            "concept": "TypeAnnotation",
            "typeNamespace": "nasl.core",
            "typeKind": "primitive"
          },
          "concept": "Param",
          "required": false
        }
      ],
      "overridable": false,
      "concept": "Logic",
      "returns": [{
        "name": "result",
        "description": "",
        "typeAnnotation": {
          "typeName": "Union",
          "typeArguments": [
            {
              "typeName": "String",
              "concept": "TypeAnnotation",
              "typeNamespace": "nasl.core",
              "typeKind": "primitive"
            },
            {
              "typeName": "Error",
              "concept": "TypeAnnotation",
              "typeNamespace": "nasl.ui",
              "typeKind": "reference"
            }
          ],
          "concept": "TypeAnnotation",
          "typeNamespace": "nasl.core",
          "typeKind": "union"
        },
        "concept": "Return"
      }]
    },
    {
      "name": "passwordSingleDataMasking",
      "description": "密码脱敏 例:**************",
      "params": [{
        "name": "password",
        "description": "密码",
        "typeAnnotation": {
          "typeName": "String",
          "concept": "TypeAnnotation",
          "typeNamespace": "nasl.core",
          "typeKind": "primitive"
        },
        "concept": "Param",
        "required": false
      }],
      "overridable": false,
      "concept": "Logic",
      "returns": [{
        "name": "result",
        "description": "",
        "typeAnnotation": {
          "typeName": "Union",
          "typeArguments": [
            {
              "typeName": "String",
              "concept": "TypeAnnotation",
              "typeNamespace": "nasl.core",
              "typeKind": "primitive"
            },
            {
              "typeName": "Error",
              "concept": "TypeAnnotation",
              "typeNamespace": "nasl.ui",
              "typeKind": "reference"
            }
          ],
          "concept": "TypeAnnotation",
          "typeNamespace": "nasl.core",
          "typeKind": "union"
        },
        "concept": "Return"
      }]
    },
    {
      "name": "ipv4SingleDataMasking",
      "description": "ipv4脱敏 例:192",
      "params": [{
        "name": "ipv4",
        "description": "ipv4",
        "typeAnnotation": {
          "typeName": "String",
          "concept": "TypeAnnotation",
          "typeNamespace": "nasl.core",
          "typeKind": "primitive"
        },
        "concept": "Param",
        "required": false
      }],
      "overridable": false,
      "concept": "Logic",
      "returns": [{
        "name": "result",
        "description": "",
        "typeAnnotation": {
          "typeName": "Union",
          "typeArguments": [
            {
              "typeName": "String",
              "concept": "TypeAnnotation",
              "typeNamespace": "nasl.core",
              "typeKind": "primitive"
            },
            {
              "typeName": "Error",
              "concept": "TypeAnnotation",
              "typeNamespace": "nasl.ui",
              "typeKind": "reference"
            }
          ],
          "concept": "TypeAnnotation",
          "typeNamespace": "nasl.core",
          "typeKind": "union"
        },
        "concept": "Return"
      }]
    },
    {
      "name": "ipv6SingleDataMasking",
      "description": "ipv6脱敏 例:FC00:*:*:*:*:*:*:*",
      "params": [{
        "name": "ipv6",
        "description": "ipv6",
        "typeAnnotation": {
          "typeName": "String",
          "concept": "TypeAnnotation",
          "typeNamespace": "nasl.core",
          "typeKind": "primitive"
        },
        "concept": "Param",
        "required": false
      }],
      "overridable": false,
      "concept": "Logic",
      "returns": [{
        "name": "result",
        "description": "",
        "typeAnnotation": {
          "typeName": "Union",
          "typeArguments": [
            {
              "typeName": "String",
              "concept": "TypeAnnotation",
              "typeNamespace": "nasl.core",
              "typeKind": "primitive"
            },
            {
              "typeName": "Error",
              "concept": "TypeAnnotation",
              "typeNamespace": "nasl.ui",
              "typeKind": "reference"
            }
          ],
          "concept": "TypeAnnotation",
          "typeNamespace": "nasl.core",
          "typeKind": "union"
        },
        "concept": "Return"
      }]
    },
    {
      "name": "generalSingleDataMasking",
      "description": "自定义脱敏 可自定义脱敏内容、开始位置、脱敏长度、脱敏字符",
      "params": [
        {
          "name": "text",
          "description": "脱敏文本",
          "typeAnnotation": {
            "typeName": "String",
            "concept": "TypeAnnotation",
            "typeNamespace": "nasl.core",
            "typeKind": "primitive"
          },
          "concept": "Param",
          "required": false
        },
        {
          "name": "start",
          "description": "开始位置",
          "typeAnnotation": {
            "typeName": "Long",
            "concept": "TypeAnnotation",
            "typeNamespace": "nasl.core",
            "typeKind": "primitive"
          },
          "concept": "Param",
          "required": false
        },
        {
          "name": "desensitizationLength",
          "description": "长度",
          "typeAnnotation": {
            "typeName": "Long",
            "concept": "TypeAnnotation",
            "typeNamespace": "nasl.core",
            "typeKind": "primitive"
          },
          "concept": "Param",
          "required": false
        },
        {
          "name": "maskChar",
          "description": "脱敏字符",
          "typeAnnotation": {
            "typeName": "String",
            "concept": "TypeAnnotation",
            "typeNamespace": "nasl.core",
            "typeKind": "primitive"
          },
          "concept": "Param",
          "required": false
        }
      ],
      "overridable": false,
      "concept": "Logic",
      "returns": [{
        "name": "result",
        "description": "",
        "typeAnnotation": {
          "typeName": "Union",
          "typeArguments": [
            {
              "typeName": "String",
              "concept": "TypeAnnotation",
              "typeNamespace": "nasl.core",
              "typeKind": "primitive"
            },
            {
              "typeName": "Error",
              "concept": "TypeAnnotation",
              "typeNamespace": "nasl.ui",
              "typeKind": "reference"
            }
          ],
          "concept": "TypeAnnotation",
          "typeNamespace": "nasl.core",
          "typeKind": "union"
        },
        "concept": "Return"
      }]
    }
  ]
}