{
    "name": "jb_browser_utils",
    "title": "浏览器工具",
    "description": "",
    "specVersion": "1.0.0",
    "type": "module",
    "subType": "extension",
    "version": "0.2.0",
    "frontends": [
        {
            "concept": "FrontendLibrary",
            "name": "pc",
            "type": "pc",
            "viewComponents": [],
            "logics": [
                {
                    "concept": "Logic",
                    "name": "getBrowserName",
                    "description": "获取浏览器名称",
                    "category": "jb_browser_utils",
                    "returns": [
                        {
                            "name": "result",
                            "concept": "Return",
                            "typeAnnotation": {
                                "concept": "TypeAnnotation",
                                "typeKind": "primitive",
                                "typeName": "String",
                                "typeNamespace": "nasl.core"
                            }
                        }
                    ]
                },
                {
                    "concept": "Logic",
                    "name": "getBrowserVersion",
                    "description": "获取浏览器版本",
                    "category": "jb_browser_utils",
                    "returns": [
                        {
                            "name": "result",
                            "concept": "Return",
                            "typeAnnotation": {
                                "concept": "TypeAnnotation",
                                "typeKind": "primitive",
                                "typeName": "String",
                                "typeNamespace": "nasl.core"
                            }
                        }
                    ]
                },
                {
                    "concept": "Logic",
                    "name": "getOsName",
                    "description": "获取操作系统名称",
                    "category": "jb_browser_utils",
                    "returns": [
                        {
                            "name": "result",
                            "concept": "Return",
                            "typeAnnotation": {
                                "concept": "TypeAnnotation",
                                "typeKind": "primitive",
                                "typeName": "String",
                                "typeNamespace": "nasl.core"
                            }
                        }
                    ]
                },
                {
                    "concept": "Logic",
                    "name": "getUserAgent",
                    "description": "获取浏览器用户代理（UserAgent）字符串",
                    "category": "jb_browser_utils",
                    "returns": [
                        {
                            "name": "result",
                            "concept": "Return",
                            "typeAnnotation": {
                                "concept": "TypeAnnotation",
                                "typeKind": "primitive",
                                "typeName": "String",
                                "typeNamespace": "nasl.core"
                            }
                        }
                    ]
                },
                {
                    "concept": "Logic",
                    "name": "getWindowInnerHeight",
                    "description": "获取浏览器窗口内高度",
                    "category": "jb_browser_utils",
                    "returns": [
                        {
                            "name": "result",
                            "concept": "Return",
                            "typeAnnotation": {
                                "concept": "TypeAnnotation",
                                "typeKind": "reference",
                                "typeName": "Number",
                                "typeNamespace": "extensions.jb_browser_utils.structures"
                            }
                        }
                    ]
                },
                {
                    "concept": "Logic",
                    "name": "getWindowInnerWidth",
                    "description": "获取浏览器窗口内宽度",
                    "category": "jb_browser_utils",
                    "returns": [
                        {
                            "name": "result",
                            "concept": "Return",
                            "typeAnnotation": {
                                "concept": "TypeAnnotation",
                                "typeKind": "reference",
                                "typeName": "Number",
                                "typeNamespace": "extensions.jb_browser_utils.structures"
                            }
                        }
                    ]
                },
                {
                    "concept": "Logic",
                    "name": "isCookieEnabled",
                    "description": "是否启用Cookie",
                    "category": "jb_browser_utils",
                    "returns": [
                        {
                            "name": "result",
                            "concept": "Return",
                            "typeAnnotation": {
                                "concept": "TypeAnnotation",
                                "typeKind": "primitive",
                                "typeName": "Boolean",
                                "typeNamespace": "nasl.core"
                            }
                        }
                    ]
                },
                {
                    "concept": "Logic",
                    "name": "isMobile",
                    "description": "是否是移动设备",
                    "category": "jb_browser_utils",
                    "returns": [
                        {
                            "name": "result",
                            "concept": "Return",
                            "typeAnnotation": {
                                "concept": "TypeAnnotation",
                                "typeKind": "primitive",
                                "typeName": "Boolean",
                                "typeNamespace": "nasl.core"
                            }
                        }
                    ]
                },
                {
                    "concept": "Logic",
                    "name": "isOnline",
                    "description": "设备是否联网",
                    "category": "jb_browser_utils",
                    "returns": [
                        {
                            "name": "result",
                            "concept": "Return",
                            "typeAnnotation": {
                                "concept": "TypeAnnotation",
                                "typeKind": "primitive",
                                "typeName": "Boolean",
                                "typeNamespace": "nasl.core"
                            }
                        }
                    ]
                }
            ]
        },
        {
            "concept": "FrontendLibrary",
            "name": "h5",
            "type": "h5",
            "viewComponents": [],
            "logics": [
                {
                    "concept": "Logic",
                    "name": "getBrowserName",
                    "description": "获取浏览器名称",
                    "category": "jb_browser_utils",
                    "returns": [
                        {
                            "name": "result",
                            "concept": "Return",
                            "typeAnnotation": {
                                "concept": "TypeAnnotation",
                                "typeKind": "primitive",
                                "typeName": "String",
                                "typeNamespace": "nasl.core"
                            }
                        }
                    ]
                },
                {
                    "concept": "Logic",
                    "name": "getBrowserVersion",
                    "description": "获取浏览器版本",
                    "category": "jb_browser_utils",
                    "returns": [
                        {
                            "name": "result",
                            "concept": "Return",
                            "typeAnnotation": {
                                "concept": "TypeAnnotation",
                                "typeKind": "primitive",
                                "typeName": "String",
                                "typeNamespace": "nasl.core"
                            }
                        }
                    ]
                },
                {
                    "concept": "Logic",
                    "name": "getOsName",
                    "description": "获取操作系统名称",
                    "category": "jb_browser_utils",
                    "returns": [
                        {
                            "name": "result",
                            "concept": "Return",
                            "typeAnnotation": {
                                "concept": "TypeAnnotation",
                                "typeKind": "primitive",
                                "typeName": "String",
                                "typeNamespace": "nasl.core"
                            }
                        }
                    ]
                },
                {
                    "concept": "Logic",
                    "name": "getUserAgent",
                    "description": "获取浏览器用户代理（UserAgent）字符串",
                    "category": "jb_browser_utils",
                    "returns": [
                        {
                            "name": "result",
                            "concept": "Return",
                            "typeAnnotation": {
                                "concept": "TypeAnnotation",
                                "typeKind": "primitive",
                                "typeName": "String",
                                "typeNamespace": "nasl.core"
                            }
                        }
                    ]
                },
                {
                    "concept": "Logic",
                    "name": "getWindowInnerHeight",
                    "description": "获取浏览器窗口内高度",
                    "category": "jb_browser_utils",
                    "returns": [
                        {
                            "name": "result",
                            "concept": "Return",
                            "typeAnnotation": {
                                "concept": "TypeAnnotation",
                                "typeKind": "reference",
                                "typeName": "Number",
                                "typeNamespace": "extensions.jb_browser_utils.structures"
                            }
                        }
                    ]
                },
                {
                    "concept": "Logic",
                    "name": "getWindowInnerWidth",
                    "description": "获取浏览器窗口内宽度",
                    "category": "jb_browser_utils",
                    "returns": [
                        {
                            "name": "result",
                            "concept": "Return",
                            "typeAnnotation": {
                                "concept": "TypeAnnotation",
                                "typeKind": "reference",
                                "typeName": "Number",
                                "typeNamespace": "extensions.jb_browser_utils.structures"
                            }
                        }
                    ]
                },
                {
                    "concept": "Logic",
                    "name": "isCookieEnabled",
                    "description": "是否启用Cookie",
                    "category": "jb_browser_utils",
                    "returns": [
                        {
                            "name": "result",
                            "concept": "Return",
                            "typeAnnotation": {
                                "concept": "TypeAnnotation",
                                "typeKind": "primitive",
                                "typeName": "Boolean",
                                "typeNamespace": "nasl.core"
                            }
                        }
                    ]
                },
                {
                    "concept": "Logic",
                    "name": "isMobile",
                    "description": "是否是移动设备",
                    "category": "jb_browser_utils",
                    "returns": [
                        {
                            "name": "result",
                            "concept": "Return",
                            "typeAnnotation": {
                                "concept": "TypeAnnotation",
                                "typeKind": "primitive",
                                "typeName": "Boolean",
                                "typeNamespace": "nasl.core"
                            }
                        }
                    ]
                },
                {
                    "concept": "Logic",
                    "name": "isOnline",
                    "description": "设备是否联网",
                    "category": "jb_browser_utils",
                    "returns": [
                        {
                            "name": "result",
                            "concept": "Return",
                            "typeAnnotation": {
                                "concept": "TypeAnnotation",
                                "typeKind": "primitive",
                                "typeName": "Boolean",
                                "typeNamespace": "nasl.core"
                            }
                        }
                    ]
                }
            ]
        }
    ],
    "summary": {
        "name": "jb_browser_utils",
        "title": "浏览器工具",
        "version": "0.2.0",
        "description": "",
        "frontends": [
            {
                "type": "pc",
                "viewComponents": [],
                "logics": [
                    {
                        "name": "getBrowserName",
                        "description": "获取浏览器名称"
                    },
                    {
                        "name": "getBrowserVersion",
                        "description": "获取浏览器版本"
                    },
                    {
                        "name": "getOsName",
                        "description": "获取操作系统名称"
                    },
                    {
                        "name": "getUserAgent",
                        "description": "获取浏览器用户代理（UserAgent）字符串"
                    },
                    {
                        "name": "getWindowInnerHeight",
                        "description": "获取浏览器窗口内高度"
                    },
                    {
                        "name": "getWindowInnerWidth",
                        "description": "获取浏览器窗口内宽度"
                    },
                    {
                        "name": "isCookieEnabled",
                        "description": "是否启用Cookie"
                    },
                    {
                        "name": "isMobile",
                        "description": "是否是移动设备"
                    },
                    {
                        "name": "isOnline",
                        "description": "设备是否联网"
                    }
                ]
            },
            {
                "type": "h5",
                "viewComponents": [],
                "logics": [
                    {
                        "name": "getBrowserName",
                        "description": "获取浏览器名称"
                    },
                    {
                        "name": "getBrowserVersion",
                        "description": "获取浏览器版本"
                    },
                    {
                        "name": "getOsName",
                        "description": "获取操作系统名称"
                    },
                    {
                        "name": "getUserAgent",
                        "description": "获取浏览器用户代理（UserAgent）字符串"
                    },
                    {
                        "name": "getWindowInnerHeight",
                        "description": "获取浏览器窗口内高度"
                    },
                    {
                        "name": "getWindowInnerWidth",
                        "description": "获取浏览器窗口内宽度"
                    },
                    {
                        "name": "isCookieEnabled",
                        "description": "是否启用Cookie"
                    },
                    {
                        "name": "isMobile",
                        "description": "是否是移动设备"
                    },
                    {
                        "name": "isOnline",
                        "description": "设备是否联网"
                    }
                ]
            }
        ]
    },
    "compilerInfoMap": {
        "js": {
            "prefix": "extension"
        }
    },
    "ideVersion": "3.2"
}