{
  "ideVersion": "3.3",
  "name": "cookie_util",
  "title": "Cookie依赖库",
  "description": "",
  "specVersion": "1.0.0",
  "type": "module",
  "subType": "extension",
  "version": "1.0.1",
  "externalDependencyMap": {"maven": [{
    "groupId": "com.netease",
    "artifactId": "cookie-util",
    "version": "1.0.1"
  }]},
  "compilerInfoMap": {"java": [
    {
      "type": "structure",
      "className": "NaslCookie",
      "packageName": "com.netease.lowcode.http",
      "naslName": "NaslCookie",
      "javaTypes": {
        "maxAge": "Integer",
        "domain": "String",
        "name": "String",
        "httpOnly": "Boolean",
        "cookiePath": "String",
        "secure": "Boolean",
        "value": "String"
      }
    },
    {
      "modifiers": [
        "public",
        "static"
      ],
      "type": "logic",
      "className": "CookieUtils",
      "packageName": "com.netease.lowcode.util",
      "naslName": "setCookie",
      "javaTypes": {
        "": "Boolean",
        "naslCookie": "com.netease.lowcode.http.NaslCookie"
      }
    },
    {
      "modifiers": [
        "public",
        "static"
      ],
      "type": "logic",
      "className": "CookieUtils",
      "packageName": "com.netease.lowcode.util",
      "naslName": "getCookie",
      "javaTypes": {
        "": "com.netease.lowcode.http.NaslCookie",
        "cookieName": "String"
      }
    },
    {
      "modifiers": [
        "public",
        "static"
      ],
      "type": "logic",
      "className": "CookieUtils",
      "packageName": "com.netease.lowcode.util",
      "naslName": "clearCookie",
      "javaTypes": {
        "": "Boolean",
        "cookieName": "String"
      }
    },
    {
      "modifiers": [
        "public",
        "static"
      ],
      "type": "logic",
      "className": "CookieUtils",
      "packageName": "com.netease.lowcode.util",
      "naslName": "getCookieValue",
      "javaTypes": {
        "": "String",
        "cookieName": "String"
      }
    },
    {
      "modifiers": [
        "public",
        "static"
      ],
      "type": "logic",
      "className": "CookieUtils",
      "packageName": "com.netease.lowcode.util",
      "naslName": "getCookieMap",
      "javaTypes": {"": "Map<String, com.netease.lowcode.http.NaslCookie>"}
    }
  ]},
  "structures": [{
    "name": "NaslCookie",
    "properties": [
      {
        "name": "name",
        "required": false,
        "concept": "StructureProperty",
        "typeAnnotation": {
          "typeName": "String",
          "concept": "TypeAnnotation",
          "typeNamespace": "nasl.core",
          "typeKind": "primitive"
        }
      },
      {
        "name": "value",
        "required": false,
        "concept": "StructureProperty",
        "typeAnnotation": {
          "typeName": "String",
          "concept": "TypeAnnotation",
          "typeNamespace": "nasl.core",
          "typeKind": "primitive"
        }
      },
      {
        "name": "domain",
        "required": false,
        "concept": "StructureProperty",
        "typeAnnotation": {
          "typeName": "String",
          "concept": "TypeAnnotation",
          "typeNamespace": "nasl.core",
          "typeKind": "primitive"
        }
      },
      {
        "name": "cookiePath",
        "required": false,
        "concept": "StructureProperty",
        "typeAnnotation": {
          "typeName": "String",
          "concept": "TypeAnnotation",
          "typeNamespace": "nasl.core",
          "typeKind": "primitive"
        }
      },
      {
        "name": "httpOnly",
        "required": false,
        "concept": "StructureProperty",
        "typeAnnotation": {
          "typeName": "Boolean",
          "concept": "TypeAnnotation",
          "typeNamespace": "nasl.core",
          "typeKind": "primitive"
        }
      },
      {
        "name": "secure",
        "required": false,
        "concept": "StructureProperty",
        "typeAnnotation": {
          "typeName": "Boolean",
          "concept": "TypeAnnotation",
          "typeNamespace": "nasl.core",
          "typeKind": "primitive"
        }
      },
      {
        "name": "maxAge",
        "required": false,
        "concept": "StructureProperty",
        "typeAnnotation": {
          "typeName": "Long",
          "concept": "TypeAnnotation",
          "typeNamespace": "nasl.core",
          "typeKind": "primitive"
        }
      }
    ],
    "description": "",
    "concept": "Structure"
  }],
  "logics": [
    {
      "name": "setCookie",
      "description": "写 Cookie 后端逻辑操作",
      "params": [{
        "name": "naslCookie",
        "description": "Cookie",
        "concept": "Param",
        "required": false,
        "typeAnnotation": {
          "typeName": "NaslCookie",
          "concept": "TypeAnnotation",
          "typeNamespace": "extensions.cookie_util.structures",
          "typeKind": "reference"
        }
      }],
      "concept": "Logic",
      "overridable": false,
      "returns": [{
        "name": "result",
        "concept": "Return",
        "typeAnnotation": {
          "typeName": "Union",
          "typeArguments": [
            {
              "typeName": "Boolean",
              "concept": "TypeAnnotation",
              "typeNamespace": "nasl.core",
              "typeKind": "primitive"
            },
            {
              "typeName": "Error",
              "concept": "TypeAnnotation",
              "typeNamespace": "nasl.ui",
              "typeKind": "reference"
            }
          ],
          "concept": "TypeAnnotation",
          "typeNamespace": "nasl.core",
          "typeKind": "union"
        }
      }]
    },
    {
      "name": "getCookie",
      "description": "根据Cookie名称得到Cookie对象，不存在该对象则返回Null",
      "params": [{
        "name": "cookieName",
        "description": "",
        "concept": "Param",
        "required": false,
        "typeAnnotation": {
          "typeName": "String",
          "concept": "TypeAnnotation",
          "typeNamespace": "nasl.core",
          "typeKind": "primitive"
        }
      }],
      "concept": "Logic",
      "overridable": false,
      "returns": [{
        "name": "result",
        "concept": "Return",
        "typeAnnotation": {
          "typeName": "Union",
          "typeArguments": [
            {
              "typeName": "NaslCookie",
              "concept": "TypeAnnotation",
              "typeNamespace": "extensions.cookie_util.structures",
              "typeKind": "reference"
            },
            {
              "typeName": "Error",
              "concept": "TypeAnnotation",
              "typeNamespace": "nasl.ui",
              "typeKind": "reference"
            }
          ],
          "concept": "TypeAnnotation",
          "typeNamespace": "nasl.core",
          "typeKind": "union"
        }
      }]
    },
    {
      "name": "clearCookie",
      "description": "清除 Cookie 后端逻辑操作",
      "params": [{
        "name": "cookieName",
        "description": "",
        "concept": "Param",
        "required": false,
        "typeAnnotation": {
          "typeName": "String",
          "concept": "TypeAnnotation",
          "typeNamespace": "nasl.core",
          "typeKind": "primitive"
        }
      }],
      "concept": "Logic",
      "overridable": false,
      "returns": [{
        "name": "result",
        "concept": "Return",
        "typeAnnotation": {
          "typeName": "Union",
          "typeArguments": [
            {
              "typeName": "Boolean",
              "concept": "TypeAnnotation",
              "typeNamespace": "nasl.core",
              "typeKind": "primitive"
            },
            {
              "typeName": "Error",
              "concept": "TypeAnnotation",
              "typeNamespace": "nasl.ui",
              "typeKind": "reference"
            }
          ],
          "concept": "TypeAnnotation",
          "typeNamespace": "nasl.core",
          "typeKind": "union"
        }
      }]
    },
    {
      "name": "getCookieValue",
      "description": "根据Cookie名称得到Cookie值 不存在则返回null",
      "params": [{
        "name": "cookieName",
        "description": "",
        "concept": "Param",
        "required": false,
        "typeAnnotation": {
          "typeName": "String",
          "concept": "TypeAnnotation",
          "typeNamespace": "nasl.core",
          "typeKind": "primitive"
        }
      }],
      "concept": "Logic",
      "overridable": false,
      "returns": [{
        "name": "result",
        "concept": "Return",
        "typeAnnotation": {
          "typeName": "Union",
          "typeArguments": [
            {
              "typeName": "String",
              "concept": "TypeAnnotation",
              "typeNamespace": "nasl.core",
              "typeKind": "primitive"
            },
            {
              "typeName": "Error",
              "concept": "TypeAnnotation",
              "typeNamespace": "nasl.ui",
              "typeKind": "reference"
            }
          ],
          "concept": "TypeAnnotation",
          "typeNamespace": "nasl.core",
          "typeKind": "union"
        }
      }]
    },
    {
      "name": "getCookieMap",
      "description": "将所有Cookie封装到Map中返回",
      "params": [],
      "concept": "Logic",
      "overridable": false,
      "returns": [{
        "name": "result",
        "description": "Map<String,NaslCookie>",
        "concept": "Return",
        "typeAnnotation": {
          "typeName": "Union",
          "typeArguments": [
            {
              "typeName": "Map",
              "typeArguments": [
                {
                  "typeName": "String",
                  "concept": "TypeAnnotation",
                  "typeNamespace": "nasl.core",
                  "typeKind": "primitive"
                },
                {
                  "typeName": "NaslCookie",
                  "concept": "TypeAnnotation",
                  "typeNamespace": "extensions.cookie_util.structures",
                  "typeKind": "reference"
                }
              ],
              "concept": "TypeAnnotation",
              "typeNamespace": "nasl.collection",
              "typeKind": "generic"
            },
            {
              "typeName": "Error",
              "concept": "TypeAnnotation",
              "typeNamespace": "nasl.ui",
              "typeKind": "reference"
            }
          ],
          "concept": "TypeAnnotation",
          "typeNamespace": "nasl.core",
          "typeKind": "union"
        }
      }]
    }
  ]
}