{
    "name": "lxy_location_library",
    "title": "浏览器location",
    "description": "",
    "specVersion": "1.0.0",
    "type": "module",
    "subType": "extension",
    "version": "0.1.0",
    "frontends": [
        {
            "concept": "FrontendLibrary",
            "name": "pc",
            "type": "pc",
            "viewComponents": [],
            "logics": [
                {
                    "concept": "Logic",
                    "name": "hash",
                    "description": "返回url中代表页面某个区域的带有#的字符串",
                    "category": "lxy_location_library",
                    "returns": [
                        {
                            "name": "result",
                            "concept": "Return",
                            "typeAnnotation": {
                                "concept": "TypeAnnotation",
                                "typeKind": "primitive",
                                "typeName": "String",
                                "typeNamespace": "nasl.core"
                            }
                        }
                    ]
                },
                {
                    "concept": "Logic",
                    "name": "host",
                    "description": "获取当前的主机信息",
                    "category": "lxy_location_library",
                    "returns": [
                        {
                            "name": "result",
                            "concept": "Return",
                            "typeAnnotation": {
                                "concept": "TypeAnnotation",
                                "typeKind": "primitive",
                                "typeName": "String",
                                "typeNamespace": "nasl.core"
                            }
                        }
                    ]
                },
                {
                    "concept": "Logic",
                    "name": "href",
                    "description": "文档将会导航到另一个新的页面",
                    "category": "lxy_location_library",
                    "params": [
                        {
                            "name": "url",
                            "concept": "Param",
                            "description": "这是一个描述",
                            "required": false,
                            "typeAnnotation": {
                                "concept": "TypeAnnotation",
                                "typeKind": "primitive",
                                "typeName": "String",
                                "typeNamespace": "nasl.core"
                            }
                        }
                    ]
                },
                {
                    "concept": "Logic",
                    "name": "origin",
                    "description": "返回页面来源的域名",
                    "category": "lxy_location_library",
                    "returns": [
                        {
                            "name": "result",
                            "concept": "Return",
                            "typeAnnotation": {
                                "concept": "TypeAnnotation",
                                "typeKind": "primitive",
                                "typeName": "String",
                                "typeNamespace": "nasl.core"
                            }
                        }
                    ]
                },
                {
                    "concept": "Logic",
                    "name": "protocol",
                    "description": "当前url所使用的协议",
                    "category": "lxy_location_library",
                    "returns": [
                        {
                            "name": "result",
                            "concept": "Return",
                            "typeAnnotation": {
                                "concept": "TypeAnnotation",
                                "typeKind": "primitive",
                                "typeName": "String",
                                "typeNamespace": "nasl.core"
                            }
                        }
                    ]
                },
                {
                    "concept": "Logic",
                    "name": "reload",
                    "description": "该方法用于重新加载当前页面",
                    "category": "lxy_location_library"
                },
                {
                    "concept": "Logic",
                    "name": "replace",
                    "description": "以给定的URL来替换当前的资源",
                    "category": "lxy_location_library",
                    "params": [
                        {
                            "name": "url",
                            "concept": "Param",
                            "description": "这是一个描述",
                            "required": false,
                            "typeAnnotation": {
                                "concept": "TypeAnnotation",
                                "typeKind": "primitive",
                                "typeName": "String",
                                "typeNamespace": "nasl.core"
                            }
                        }
                    ]
                },
                {
                    "concept": "Logic",
                    "name": "search",
                    "description": "返回url中?以及之后的字符串",
                    "category": "lxy_location_library",
                    "returns": [
                        {
                            "name": "result",
                            "concept": "Return",
                            "typeAnnotation": {
                                "concept": "TypeAnnotation",
                                "typeKind": "primitive",
                                "typeName": "String",
                                "typeNamespace": "nasl.core"
                            }
                        }
                    ]
                },
                {
                    "concept": "Logic",
                    "name": "toString",
                    "description": "获取当前页面的完整URL",
                    "category": "lxy_location_library",
                    "returns": [
                        {
                            "name": "result",
                            "concept": "Return",
                            "typeAnnotation": {
                                "concept": "TypeAnnotation",
                                "typeKind": "primitive",
                                "typeName": "String",
                                "typeNamespace": "nasl.core"
                            }
                        }
                    ]
                }
            ]
        },
        {
            "concept": "FrontendLibrary",
            "name": "h5",
            "type": "h5",
            "viewComponents": [],
            "logics": [
                {
                    "concept": "Logic",
                    "name": "hash",
                    "description": "返回url中代表页面某个区域的带有#的字符串",
                    "category": "lxy_location_library",
                    "returns": [
                        {
                            "name": "result",
                            "concept": "Return",
                            "typeAnnotation": {
                                "concept": "TypeAnnotation",
                                "typeKind": "primitive",
                                "typeName": "String",
                                "typeNamespace": "nasl.core"
                            }
                        }
                    ]
                },
                {
                    "concept": "Logic",
                    "name": "host",
                    "description": "获取当前的主机信息",
                    "category": "lxy_location_library",
                    "returns": [
                        {
                            "name": "result",
                            "concept": "Return",
                            "typeAnnotation": {
                                "concept": "TypeAnnotation",
                                "typeKind": "primitive",
                                "typeName": "String",
                                "typeNamespace": "nasl.core"
                            }
                        }
                    ]
                },
                {
                    "concept": "Logic",
                    "name": "href",
                    "description": "文档将会导航到另一个新的页面",
                    "category": "lxy_location_library",
                    "params": [
                        {
                            "name": "url",
                            "concept": "Param",
                            "description": "这是一个描述",
                            "required": false,
                            "typeAnnotation": {
                                "concept": "TypeAnnotation",
                                "typeKind": "primitive",
                                "typeName": "String",
                                "typeNamespace": "nasl.core"
                            }
                        }
                    ]
                },
                {
                    "concept": "Logic",
                    "name": "origin",
                    "description": "返回页面来源的域名",
                    "category": "lxy_location_library",
                    "returns": [
                        {
                            "name": "result",
                            "concept": "Return",
                            "typeAnnotation": {
                                "concept": "TypeAnnotation",
                                "typeKind": "primitive",
                                "typeName": "String",
                                "typeNamespace": "nasl.core"
                            }
                        }
                    ]
                },
                {
                    "concept": "Logic",
                    "name": "protocol",
                    "description": "当前url所使用的协议",
                    "category": "lxy_location_library",
                    "returns": [
                        {
                            "name": "result",
                            "concept": "Return",
                            "typeAnnotation": {
                                "concept": "TypeAnnotation",
                                "typeKind": "primitive",
                                "typeName": "String",
                                "typeNamespace": "nasl.core"
                            }
                        }
                    ]
                },
                {
                    "concept": "Logic",
                    "name": "reload",
                    "description": "该方法用于重新加载当前页面",
                    "category": "lxy_location_library"
                },
                {
                    "concept": "Logic",
                    "name": "replace",
                    "description": "以给定的URL来替换当前的资源",
                    "category": "lxy_location_library",
                    "params": [
                        {
                            "name": "url",
                            "concept": "Param",
                            "description": "这是一个描述",
                            "required": false,
                            "typeAnnotation": {
                                "concept": "TypeAnnotation",
                                "typeKind": "primitive",
                                "typeName": "String",
                                "typeNamespace": "nasl.core"
                            }
                        }
                    ]
                },
                {
                    "concept": "Logic",
                    "name": "search",
                    "description": "返回url中?以及之后的字符串",
                    "category": "lxy_location_library",
                    "returns": [
                        {
                            "name": "result",
                            "concept": "Return",
                            "typeAnnotation": {
                                "concept": "TypeAnnotation",
                                "typeKind": "primitive",
                                "typeName": "String",
                                "typeNamespace": "nasl.core"
                            }
                        }
                    ]
                },
                {
                    "concept": "Logic",
                    "name": "toString",
                    "description": "获取当前页面的完整URL",
                    "category": "lxy_location_library",
                    "returns": [
                        {
                            "name": "result",
                            "concept": "Return",
                            "typeAnnotation": {
                                "concept": "TypeAnnotation",
                                "typeKind": "primitive",
                                "typeName": "String",
                                "typeNamespace": "nasl.core"
                            }
                        }
                    ]
                }
            ]
        }
    ],
    "summary": {
        "name": "lxy_location_library",
        "title": "浏览器location",
        "version": "0.1.0",
        "description": "",
        "frontends": [
            {
                "type": "pc",
                "viewComponents": [],
                "logics": [
                    {
                        "name": "hash",
                        "description": "返回url中代表页面某个区域的带有#的字符串"
                    },
                    {
                        "name": "host",
                        "description": "获取当前的主机信息"
                    },
                    {
                        "name": "href",
                        "description": "文档将会导航到另一个新的页面"
                    },
                    {
                        "name": "origin",
                        "description": "返回页面来源的域名"
                    },
                    {
                        "name": "protocol",
                        "description": "当前url所使用的协议"
                    },
                    {
                        "name": "reload",
                        "description": "该方法用于重新加载当前页面"
                    },
                    {
                        "name": "replace",
                        "description": "以给定的URL来替换当前的资源"
                    },
                    {
                        "name": "search",
                        "description": "返回url中?以及之后的字符串"
                    },
                    {
                        "name": "toString",
                        "description": "获取当前页面的完整URL"
                    }
                ]
            },
            {
                "type": "h5",
                "viewComponents": [],
                "logics": [
                    {
                        "name": "hash",
                        "description": "返回url中代表页面某个区域的带有#的字符串"
                    },
                    {
                        "name": "host",
                        "description": "获取当前的主机信息"
                    },
                    {
                        "name": "href",
                        "description": "文档将会导航到另一个新的页面"
                    },
                    {
                        "name": "origin",
                        "description": "返回页面来源的域名"
                    },
                    {
                        "name": "protocol",
                        "description": "当前url所使用的协议"
                    },
                    {
                        "name": "reload",
                        "description": "该方法用于重新加载当前页面"
                    },
                    {
                        "name": "replace",
                        "description": "以给定的URL来替换当前的资源"
                    },
                    {
                        "name": "search",
                        "description": "返回url中?以及之后的字符串"
                    },
                    {
                        "name": "toString",
                        "description": "获取当前页面的完整URL"
                    }
                ]
            }
        ]
    },
    "compilerInfoMap": {
        "js": {
            "prefix": "extension"
        }
    },
    "ideVersion": "3.2"
}