{
  "ideVersion": "3.3",
  "name": "lunar_calendar_util_wgx",
  "title": "阴历日历依赖库",
  "description": "该依赖库提供了一组工具方法，用于处理与农历相关的各种转换和计算，包括阳历与农历的互转、获取农历月份信息、节气、闰月信息、生肖以及判断传统节日等。",
  "specVersion": "1.0.0",
  "type": "module",
  "subType": "extension",
  "version": "1.0.1",
  "externalDependencyMap": {"maven": [{
    "groupId": "com.wgx",
    "artifactId": "lunar-calendar-util-wgx",
    "version": "1.0.1"
  }]},
  "compilerInfoMap": {"java": [
    {
      "type": "structure",
      "javaTypes": {
        "messageText": "String",
        "lunarData": "String",
        "success": "Boolean"
      },
      "naslName": "LunarResult",
      "className": "LunarResult",
      "packageName": "com.wgx.lowcode.lunar"
    },
    {
      "type": "logic",
      "javaTypes": {
        "": "com.wgx.lowcode.lunar.LunarResult",
        "solarDateString": "String"
      },
      "naslName": "convertSolarToLunar",
      "className": "LunarUtils",
      "packageName": "com.wgx.lowcode.util",
      "modifiers": [
        "public",
        "static"
      ]
    },
    {
      "type": "logic",
      "javaTypes": {
        "": "com.wgx.lowcode.lunar.LunarResult",
        "lunarYear": "Integer",
        "lunarMonth": "Integer",
        "lunarDay": "Integer"
      },
      "naslName": "convertLunarToSolar",
      "className": "LunarUtils",
      "packageName": "com.wgx.lowcode.util",
      "modifiers": [
        "public",
        "static"
      ]
    },
    {
      "type": "logic",
      "javaTypes": {
        "": "com.wgx.lowcode.lunar.LunarResult",
        "solarDateString": "String"
      },
      "naslName": "getChineseMonthInfo",
      "className": "LunarUtils",
      "packageName": "com.wgx.lowcode.util",
      "modifiers": [
        "public",
        "static"
      ]
    },
    {
      "type": "logic",
      "javaTypes": {
        "": "com.wgx.lowcode.lunar.LunarResult",
        "solarDateString": "String"
      },
      "naslName": "getTermInfo",
      "className": "LunarUtils",
      "packageName": "com.wgx.lowcode.util",
      "modifiers": [
        "public",
        "static"
      ]
    },
    {
      "type": "logic",
      "javaTypes": {
        "": "com.wgx.lowcode.lunar.LunarResult",
        "lunarYear": "Integer"
      },
      "naslName": "getLeapMonthInfo",
      "className": "LunarUtils",
      "packageName": "com.wgx.lowcode.util",
      "modifiers": [
        "public",
        "static"
      ]
    },
    {
      "type": "logic",
      "javaTypes": {
        "": "com.wgx.lowcode.lunar.LunarResult",
        "lunarYear": "Integer"
      },
      "naslName": "getChineseZodiac",
      "className": "LunarUtils",
      "packageName": "com.wgx.lowcode.util",
      "modifiers": [
        "public",
        "static"
      ]
    },
    {
      "type": "logic",
      "javaTypes": {
        "": "com.wgx.lowcode.lunar.LunarResult",
        "lunarYear": "Integer",
        "lunarMonth": "Integer",
        "lunarDay": "Integer"
      },
      "naslName": "getFestivals",
      "className": "LunarUtils",
      "packageName": "com.wgx.lowcode.util",
      "modifiers": [
        "public",
        "static"
      ]
    },
    {
      "type": "logic",
      "javaTypes": {
        "": "com.wgx.lowcode.lunar.LunarResult",
        "lunarYear1": "Integer",
        "lunarMonth1": "Integer",
        "lunarDay1": "Integer",
        "lunarYear2": "Integer",
        "lunarMonth2": "Integer",
        "lunarDay2": "Integer"
      },
      "naslName": "getLunarDaysDifference",
      "className": "LunarUtils",
      "packageName": "com.wgx.lowcode.util",
      "modifiers": [
        "public",
        "static"
      ]
    }
  ]},
  "structures": [{
    "concept": "Structure",
    "name": "LunarResult",
    "description": "",
    "properties": [
      {
        "concept": "StructureProperty",
        "name": "success",
        "typeAnnotation": {
          "concept": "TypeAnnotation",
          "typeKind": "primitive",
          "typeNamespace": "nasl.core",
          "typeName": "Boolean"
        },
        "required": false
      },
      {
        "concept": "StructureProperty",
        "name": "lunarData",
        "typeAnnotation": {
          "concept": "TypeAnnotation",
          "typeKind": "primitive",
          "typeNamespace": "nasl.core",
          "typeName": "String"
        },
        "required": false
      },
      {
        "concept": "StructureProperty",
        "name": "messageText",
        "typeAnnotation": {
          "concept": "TypeAnnotation",
          "typeKind": "primitive",
          "typeNamespace": "nasl.core",
          "typeName": "String"
        },
        "required": false
      }
    ]
  }],
  "logics": [
    {
      "concept": "Logic",
      "name": "convertSolarToLunar",
      "description": "阳历日期转农历",
      "overridable": false,
      "params": [{
        "concept": "Param",
        "name": "solarDateString",
        "description": "阳历日期字符串（格式：yyyy-MM-dd）",
        "typeAnnotation": {
          "concept": "TypeAnnotation",
          "typeKind": "primitive",
          "typeNamespace": "nasl.core",
          "typeName": "String"
        },
        "required": false
      }],
      "returns": [{
        "concept": "Return",
        "name": "result",
        "description": "农历日期转换结果对象",
        "typeAnnotation": {
          "concept": "TypeAnnotation",
          "typeKind": "union",
          "typeNamespace": "nasl.core",
          "typeName": "Union",
          "typeArguments": [
            {
              "concept": "TypeAnnotation",
              "typeKind": "reference",
              "typeNamespace": "extensions.lunar_calendar_util_wgx.structures",
              "typeName": "LunarResult"
            },
            {
              "concept": "TypeAnnotation",
              "typeKind": "reference",
              "typeNamespace": "nasl.ui",
              "typeName": "Error"
            }
          ]
        }
      }]
    },
    {
      "concept": "Logic",
      "name": "convertLunarToSolar",
      "description": "农历日期转阳历",
      "overridable": false,
      "params": [
        {
          "concept": "Param",
          "name": "lunarYear",
          "description": "年（农历）",
          "typeAnnotation": {
            "concept": "TypeAnnotation",
            "typeKind": "primitive",
            "typeNamespace": "nasl.core",
            "typeName": "Long"
          },
          "required": false
        },
        {
          "concept": "Param",
          "name": "lunarMonth",
          "description": "月（农历），1到12或-2，闰月为负，即闰2月=-2",
          "typeAnnotation": {
            "concept": "TypeAnnotation",
            "typeKind": "primitive",
            "typeNamespace": "nasl.core",
            "typeName": "Long"
          },
          "required": false
        },
        {
          "concept": "Param",
          "name": "lunarDay",
          "description": "日（农历），1到30",
          "typeAnnotation": {
            "concept": "TypeAnnotation",
            "typeKind": "primitive",
            "typeNamespace": "nasl.core",
            "typeName": "Long"
          },
          "required": false
        }
      ],
      "returns": [{
        "concept": "Return",
        "name": "result",
        "description": "阳历",
        "typeAnnotation": {
          "concept": "TypeAnnotation",
          "typeKind": "union",
          "typeNamespace": "nasl.core",
          "typeName": "Union",
          "typeArguments": [
            {
              "concept": "TypeAnnotation",
              "typeKind": "reference",
              "typeNamespace": "extensions.lunar_calendar_util_wgx.structures",
              "typeName": "LunarResult"
            },
            {
              "concept": "TypeAnnotation",
              "typeKind": "reference",
              "typeNamespace": "nasl.ui",
              "typeName": "Error"
            }
          ]
        }
      }]
    },
    {
      "concept": "Logic",
      "name": "getChineseMonthInfo",
      "description": "获取阴历月份信息",
      "overridable": false,
      "params": [{
        "concept": "Param",
        "name": "solarDateString",
        "description": "阳历日期字符串（格式：yyyy-MM-dd）",
        "typeAnnotation": {
          "concept": "TypeAnnotation",
          "typeKind": "primitive",
          "typeNamespace": "nasl.core",
          "typeName": "String"
        },
        "required": false
      }],
      "returns": [{
        "concept": "Return",
        "name": "result",
        "description": "阴历月份信息",
        "typeAnnotation": {
          "concept": "TypeAnnotation",
          "typeKind": "union",
          "typeNamespace": "nasl.core",
          "typeName": "Union",
          "typeArguments": [
            {
              "concept": "TypeAnnotation",
              "typeKind": "reference",
              "typeNamespace": "extensions.lunar_calendar_util_wgx.structures",
              "typeName": "LunarResult"
            },
            {
              "concept": "TypeAnnotation",
              "typeKind": "reference",
              "typeNamespace": "nasl.ui",
              "typeName": "Error"
            }
          ]
        }
      }]
    },
    {
      "concept": "Logic",
      "name": "getTermInfo",
      "description": "根据阳历日期获取节气",
      "overridable": false,
      "params": [{
        "concept": "Param",
        "name": "solarDateString",
        "description": "阳历日期字符串（格式：yyyy-MM-dd）",
        "typeAnnotation": {
          "concept": "TypeAnnotation",
          "typeKind": "primitive",
          "typeNamespace": "nasl.core",
          "typeName": "String"
        },
        "required": false
      }],
      "returns": [{
        "concept": "Return",
        "name": "result",
        "description": "获取节气",
        "typeAnnotation": {
          "concept": "TypeAnnotation",
          "typeKind": "union",
          "typeNamespace": "nasl.core",
          "typeName": "Union",
          "typeArguments": [
            {
              "concept": "TypeAnnotation",
              "typeKind": "reference",
              "typeNamespace": "extensions.lunar_calendar_util_wgx.structures",
              "typeName": "LunarResult"
            },
            {
              "concept": "TypeAnnotation",
              "typeKind": "reference",
              "typeNamespace": "nasl.ui",
              "typeName": "Error"
            }
          ]
        }
      }]
    },
    {
      "concept": "Logic",
      "name": "getLeapMonthInfo",
      "description": "获取阴历年份的闰月信息，以及闰月的大小",
      "overridable": false,
      "params": [{
        "concept": "Param",
        "name": "lunarYear",
        "description": "阴历年份",
        "typeAnnotation": {
          "concept": "TypeAnnotation",
          "typeKind": "primitive",
          "typeNamespace": "nasl.core",
          "typeName": "Long"
        },
        "required": false
      }],
      "returns": [{
        "concept": "Return",
        "name": "result",
        "description": "闰月",
        "typeAnnotation": {
          "concept": "TypeAnnotation",
          "typeKind": "union",
          "typeNamespace": "nasl.core",
          "typeName": "Union",
          "typeArguments": [
            {
              "concept": "TypeAnnotation",
              "typeKind": "reference",
              "typeNamespace": "extensions.lunar_calendar_util_wgx.structures",
              "typeName": "LunarResult"
            },
            {
              "concept": "TypeAnnotation",
              "typeKind": "reference",
              "typeNamespace": "nasl.ui",
              "typeName": "Error"
            }
          ]
        }
      }]
    },
    {
      "concept": "Logic",
      "name": "getChineseZodiac",
      "description": "获取阴历年份的生肖信息",
      "overridable": false,
      "params": [{
        "concept": "Param",
        "name": "lunarYear",
        "description": "阴历年份",
        "typeAnnotation": {
          "concept": "TypeAnnotation",
          "typeKind": "primitive",
          "typeNamespace": "nasl.core",
          "typeName": "Long"
        },
        "required": false
      }],
      "returns": [{
        "concept": "Return",
        "name": "result",
        "description": "生肖",
        "typeAnnotation": {
          "concept": "TypeAnnotation",
          "typeKind": "union",
          "typeNamespace": "nasl.core",
          "typeName": "Union",
          "typeArguments": [
            {
              "concept": "TypeAnnotation",
              "typeKind": "reference",
              "typeNamespace": "extensions.lunar_calendar_util_wgx.structures",
              "typeName": "LunarResult"
            },
            {
              "concept": "TypeAnnotation",
              "typeKind": "reference",
              "typeNamespace": "nasl.ui",
              "typeName": "Error"
            }
          ]
        }
      }]
    },
    {
      "concept": "Logic",
      "name": "getFestivals",
      "description": "判断特定阴历日期是否为传统节日，如春节、中秋节等",
      "overridable": false,
      "params": [
        {
          "concept": "Param",
          "name": "lunarYear",
          "description": "年（农历）",
          "typeAnnotation": {
            "concept": "TypeAnnotation",
            "typeKind": "primitive",
            "typeNamespace": "nasl.core",
            "typeName": "Long"
          },
          "required": false
        },
        {
          "concept": "Param",
          "name": "lunarMonth",
          "description": "月（农历），1到12，闰月为负，即闰2月=-2",
          "typeAnnotation": {
            "concept": "TypeAnnotation",
            "typeKind": "primitive",
            "typeNamespace": "nasl.core",
            "typeName": "Long"
          },
          "required": false
        },
        {
          "concept": "Param",
          "name": "lunarDay",
          "description": "日（农历），1到30",
          "typeAnnotation": {
            "concept": "TypeAnnotation",
            "typeKind": "primitive",
            "typeNamespace": "nasl.core",
            "typeName": "Long"
          },
          "required": false
        }
      ],
      "returns": [{
        "concept": "Return",
        "name": "result",
        "description": "节日",
        "typeAnnotation": {
          "concept": "TypeAnnotation",
          "typeKind": "union",
          "typeNamespace": "nasl.core",
          "typeName": "Union",
          "typeArguments": [
            {
              "concept": "TypeAnnotation",
              "typeKind": "reference",
              "typeNamespace": "extensions.lunar_calendar_util_wgx.structures",
              "typeName": "LunarResult"
            },
            {
              "concept": "TypeAnnotation",
              "typeKind": "reference",
              "typeNamespace": "nasl.ui",
              "typeName": "Error"
            }
          ]
        }
      }]
    },
    {
      "concept": "Logic",
      "name": "getLunarDaysDifference",
      "description": "计算两个阴历日期之间的天数差",
      "overridable": false,
      "params": [
        {
          "concept": "Param",
          "name": "lunarYear1",
          "description": "第一个阴历年",
          "typeAnnotation": {
            "concept": "TypeAnnotation",
            "typeKind": "primitive",
            "typeNamespace": "nasl.core",
            "typeName": "Long"
          },
          "required": false
        },
        {
          "concept": "Param",
          "name": "lunarMonth1",
          "description": "第一个阴历月,范围：1到12，闰月为负，即闰2月=-2",
          "typeAnnotation": {
            "concept": "TypeAnnotation",
            "typeKind": "primitive",
            "typeNamespace": "nasl.core",
            "typeName": "Long"
          },
          "required": false
        },
        {
          "concept": "Param",
          "name": "lunarDay1",
          "description": "第一个阴历日,范围：1到31",
          "typeAnnotation": {
            "concept": "TypeAnnotation",
            "typeKind": "primitive",
            "typeNamespace": "nasl.core",
            "typeName": "Long"
          },
          "required": false
        },
        {
          "concept": "Param",
          "name": "lunarYear2",
          "description": "第二个阴历年",
          "typeAnnotation": {
            "concept": "TypeAnnotation",
            "typeKind": "primitive",
            "typeNamespace": "nasl.core",
            "typeName": "Long"
          },
          "required": false
        },
        {
          "concept": "Param",
          "name": "lunarMonth2",
          "description": "第二个阴历月,范围：1到12，闰月为负，即闰2月=-2",
          "typeAnnotation": {
            "concept": "TypeAnnotation",
            "typeKind": "primitive",
            "typeNamespace": "nasl.core",
            "typeName": "Long"
          },
          "required": false
        },
        {
          "concept": "Param",
          "name": "lunarDay2",
          "description": "第二个阴历日,范围：1到30",
          "typeAnnotation": {
            "concept": "TypeAnnotation",
            "typeKind": "primitive",
            "typeNamespace": "nasl.core",
            "typeName": "Long"
          },
          "required": false
        }
      ],
      "returns": [{
        "concept": "Return",
        "name": "result",
        "description": "天数差",
        "typeAnnotation": {
          "concept": "TypeAnnotation",
          "typeKind": "union",
          "typeNamespace": "nasl.core",
          "typeName": "Union",
          "typeArguments": [
            {
              "concept": "TypeAnnotation",
              "typeKind": "reference",
              "typeNamespace": "extensions.lunar_calendar_util_wgx.structures",
              "typeName": "LunarResult"
            },
            {
              "concept": "TypeAnnotation",
              "typeKind": "reference",
              "typeNamespace": "nasl.ui",
              "typeName": "Error"
            }
          ]
        }
      }]
    }
  ]
}