{
  "ideVersion": "3.3",
  "name": "personalincomeUtil_y",
  "title": "personalincomeUtil_y",
  "description": "提供个税和房贷计算器",
  "specVersion": "1.0.0",
  "type": "module",
  "subType": "extension",
  "version": "1.0.6",
  "externalDependencyMap": {"maven": [{
    "groupId": "com.netease.lib.personalincomeUtil",
    "artifactId": "personalincomeUtil_y",
    "version": "1.0.6"
  }]},
  "compilerInfoMap": {"java": [
    {
      "type": "structure",
      "className": "CalculateReturnStructure",
      "packageName": "com.netease.lowcode",
      "javaTypes": {
        "principal": "String",
        "totalPayment": "String",
        "month": "Integer",
        "interest": "String",
        "loanAmount": "String"
      },
      "naslName": "CalculateReturnStructure"
    },
    {
      "type": "structure",
      "className": "CalculateAndSumReturnStructure",
      "packageName": "com.netease.lowcode",
      "javaTypes": {
        "listCalculateReturnStructure": "List<com.netease.lowcode.CalculateReturnStructure>",
        "sumInterest": "String"
      },
      "naslName": "CalculateAndSumReturnStructure"
    },
    {
      "type": "structure",
      "className": "PersonalReturnStructure",
      "packageName": "com.netease.lowcode",
      "javaTypes": {
        "incomeTaxPayable": "Double",
        "afterTaxIncome": "Double",
        "taxPayableMonth": "Double",
        "accumulatedTaxPayable": "Double",
        "paidTaxes": "Double"
      },
      "naslName": "PersonalReturnStructure"
    },
    {
      "modifiers": [
        "public",
        "static"
      ],
      "type": "logic",
      "className": "PersonalIncomeUtil",
      "packageName": "com.netease.lowcode",
      "javaTypes": {
        "": "com.netease.lowcode.PersonalReturnStructure",
        "Month": "Integer",
        "income": "Double",
        "totalSal": "Double",
        "socInsur": "Double"
      },
      "naslName": "calculateIncomeTax"
    },
    {
      "modifiers": [
        "public",
        "static"
      ],
      "type": "logic",
      "className": "PersonalIncomeUtil",
      "packageName": "com.netease.lowcode",
      "javaTypes": {
        "": "com.netease.lowcode.CalculateAndSumReturnStructure",
        "loanAmount": "Double",
        "annualInterestRate": "Double",
        "loanTermInYears": "Integer"
      },
      "naslName": "calculateEqualPrincipalAndInterest"
    },
    {
      "modifiers": [
        "public",
        "static"
      ],
      "type": "logic",
      "className": "PersonalIncomeUtil",
      "packageName": "com.netease.lowcode",
      "javaTypes": {
        "": "com.netease.lowcode.CalculateAndSumReturnStructure",
        "loanAmount": "Double",
        "annualInterestRate": "Double",
        "loanTermInYears": "Integer"
      },
      "naslName": "calculateEqualPrincipal"
    }
  ]},
  "structures": [
    {
      "name": "CalculateReturnStructure",
      "properties": [
        {
          "name": "month",
          "required": false,
          "typeAnnotation": {
            "typeName": "Long",
            "typeNamespace": "nasl.core",
            "typeKind": "primitive",
            "concept": "TypeAnnotation"
          },
          "concept": "StructureProperty"
        },
        {
          "name": "principal",
          "required": false,
          "typeAnnotation": {
            "typeName": "String",
            "typeNamespace": "nasl.core",
            "typeKind": "primitive",
            "concept": "TypeAnnotation"
          },
          "concept": "StructureProperty"
        },
        {
          "name": "interest",
          "required": false,
          "typeAnnotation": {
            "typeName": "String",
            "typeNamespace": "nasl.core",
            "typeKind": "primitive",
            "concept": "TypeAnnotation"
          },
          "concept": "StructureProperty"
        },
        {
          "name": "totalPayment",
          "required": false,
          "typeAnnotation": {
            "typeName": "String",
            "typeNamespace": "nasl.core",
            "typeKind": "primitive",
            "concept": "TypeAnnotation"
          },
          "concept": "StructureProperty"
        },
        {
          "name": "loanAmount",
          "required": false,
          "typeAnnotation": {
            "typeName": "String",
            "typeNamespace": "nasl.core",
            "typeKind": "primitive",
            "concept": "TypeAnnotation"
          },
          "concept": "StructureProperty"
        }
      ],
      "description": "",
      "concept": "Structure"
    },
    {
      "name": "CalculateAndSumReturnStructure",
      "properties": [
        {
          "name": "sumInterest",
          "required": false,
          "typeAnnotation": {
            "typeName": "String",
            "typeNamespace": "nasl.core",
            "typeKind": "primitive",
            "concept": "TypeAnnotation"
          },
          "concept": "StructureProperty"
        },
        {
          "name": "listCalculateReturnStructure",
          "required": false,
          "typeAnnotation": {
            "typeName": "List",
            "typeArguments": [{
              "typeName": "CalculateReturnStructure",
              "typeNamespace": "extensions.personalincomeUtil_y.structures",
              "typeKind": "reference",
              "concept": "TypeAnnotation"
            }],
            "typeNamespace": "nasl.collection",
            "typeKind": "generic",
            "concept": "TypeAnnotation"
          },
          "concept": "StructureProperty"
        }
      ],
      "description": "",
      "concept": "Structure"
    },
    {
      "name": "PersonalReturnStructure",
      "properties": [
        {
          "name": "incomeTaxPayable",
          "required": false,
          "typeAnnotation": {
            "typeName": "Decimal",
            "typeNamespace": "nasl.core",
            "typeKind": "primitive",
            "concept": "TypeAnnotation"
          },
          "concept": "StructureProperty"
        },
        {
          "name": "paidTaxes",
          "required": false,
          "typeAnnotation": {
            "typeName": "Decimal",
            "typeNamespace": "nasl.core",
            "typeKind": "primitive",
            "concept": "TypeAnnotation"
          },
          "concept": "StructureProperty"
        },
        {
          "name": "accumulatedTaxPayable",
          "required": false,
          "typeAnnotation": {
            "typeName": "Decimal",
            "typeNamespace": "nasl.core",
            "typeKind": "primitive",
            "concept": "TypeAnnotation"
          },
          "concept": "StructureProperty"
        },
        {
          "name": "taxPayableMonth",
          "required": false,
          "typeAnnotation": {
            "typeName": "Decimal",
            "typeNamespace": "nasl.core",
            "typeKind": "primitive",
            "concept": "TypeAnnotation"
          },
          "concept": "StructureProperty"
        },
        {
          "name": "afterTaxIncome",
          "required": false,
          "typeAnnotation": {
            "typeName": "Decimal",
            "typeNamespace": "nasl.core",
            "typeKind": "primitive",
            "concept": "TypeAnnotation"
          },
          "concept": "StructureProperty"
        }
      ],
      "description": "",
      "concept": "Structure"
    }
  ],
  "logics": [
    {
      "name": "calculateIncomeTax",
      "description": "个税计算器",
      "params": [
        {
          "name": "Month",
          "description": "缴税期数",
          "typeAnnotation": {
            "typeName": "Long",
            "typeNamespace": "nasl.core",
            "typeKind": "primitive",
            "concept": "TypeAnnotation"
          },
          "required": false,
          "concept": "Param"
        },
        {
          "name": "income",
          "description": "税前月收入",
          "typeAnnotation": {
            "typeName": "Decimal",
            "typeNamespace": "nasl.core",
            "typeKind": "primitive",
            "concept": "TypeAnnotation"
          },
          "required": false,
          "concept": "Param"
        },
        {
          "name": "totalSal",
          "description": "五险一金(每月)",
          "typeAnnotation": {
            "typeName": "Decimal",
            "typeNamespace": "nasl.core",
            "typeKind": "primitive",
            "concept": "TypeAnnotation"
          },
          "required": false,
          "concept": "Param"
        },
        {
          "name": "socInsur",
          "description": "专享扣除费",
          "typeAnnotation": {
            "typeName": "Decimal",
            "typeNamespace": "nasl.core",
            "typeKind": "primitive",
            "concept": "TypeAnnotation"
          },
          "required": false,
          "concept": "Param"
        }
      ],
      "returns": [{
        "name": "result",
        "description": "",
        "typeAnnotation": {
          "typeName": "Union",
          "typeArguments": [
            {
              "typeName": "PersonalReturnStructure",
              "typeNamespace": "extensions.personalincomeUtil_y.structures",
              "typeKind": "reference",
              "concept": "TypeAnnotation"
            },
            {
              "typeName": "Error",
              "typeNamespace": "nasl.ui",
              "typeKind": "reference",
              "concept": "TypeAnnotation"
            }
          ],
          "typeNamespace": "nasl.core",
          "typeKind": "union",
          "concept": "TypeAnnotation"
        },
        "concept": "Return"
      }],
      "concept": "Logic",
      "overridable": false
    },
    {
      "name": "calculateEqualPrincipalAndInterest",
      "description": "房贷等额本息",
      "params": [
        {
          "name": "loanAmount",
          "description": "贷款总额",
          "typeAnnotation": {
            "typeName": "Decimal",
            "typeNamespace": "nasl.core",
            "typeKind": "primitive",
            "concept": "TypeAnnotation"
          },
          "required": false,
          "concept": "Param"
        },
        {
          "name": "annualInterestRate",
          "description": "贷款利率",
          "typeAnnotation": {
            "typeName": "Decimal",
            "typeNamespace": "nasl.core",
            "typeKind": "primitive",
            "concept": "TypeAnnotation"
          },
          "required": false,
          "concept": "Param"
        },
        {
          "name": "loanTermInYears",
          "description": "贷款年数",
          "typeAnnotation": {
            "typeName": "Long",
            "typeNamespace": "nasl.core",
            "typeKind": "primitive",
            "concept": "TypeAnnotation"
          },
          "required": false,
          "concept": "Param"
        }
      ],
      "returns": [{
        "name": "result",
        "typeAnnotation": {
          "typeName": "Union",
          "typeArguments": [
            {
              "typeName": "CalculateAndSumReturnStructure",
              "typeNamespace": "extensions.personalincomeUtil_y.structures",
              "typeKind": "reference",
              "concept": "TypeAnnotation"
            },
            {
              "typeName": "Error",
              "typeNamespace": "nasl.ui",
              "typeKind": "reference",
              "concept": "TypeAnnotation"
            }
          ],
          "typeNamespace": "nasl.core",
          "typeKind": "union",
          "concept": "TypeAnnotation"
        },
        "concept": "Return"
      }],
      "concept": "Logic",
      "overridable": false
    },
    {
      "name": "calculateEqualPrincipal",
      "description": "房贷等额本金",
      "params": [
        {
          "name": "loanAmount",
          "description": "贷款总额",
          "typeAnnotation": {
            "typeName": "Decimal",
            "typeNamespace": "nasl.core",
            "typeKind": "primitive",
            "concept": "TypeAnnotation"
          },
          "required": false,
          "concept": "Param"
        },
        {
          "name": "annualInterestRate",
          "description": "贷款利率",
          "typeAnnotation": {
            "typeName": "Decimal",
            "typeNamespace": "nasl.core",
            "typeKind": "primitive",
            "concept": "TypeAnnotation"
          },
          "required": false,
          "concept": "Param"
        },
        {
          "name": "loanTermInYears",
          "description": "贷款年数",
          "typeAnnotation": {
            "typeName": "Long",
            "typeNamespace": "nasl.core",
            "typeKind": "primitive",
            "concept": "TypeAnnotation"
          },
          "required": false,
          "concept": "Param"
        }
      ],
      "returns": [{
        "name": "result",
        "typeAnnotation": {
          "typeName": "Union",
          "typeArguments": [
            {
              "typeName": "CalculateAndSumReturnStructure",
              "typeNamespace": "extensions.personalincomeUtil_y.structures",
              "typeKind": "reference",
              "concept": "TypeAnnotation"
            },
            {
              "typeName": "Error",
              "typeNamespace": "nasl.ui",
              "typeKind": "reference",
              "concept": "TypeAnnotation"
            }
          ],
          "typeNamespace": "nasl.core",
          "typeKind": "union",
          "concept": "TypeAnnotation"
        },
        "concept": "Return"
      }],
      "concept": "Logic",
      "overridable": false
    }
  ]
}