{
  "ideVersion": "3.3",
  "name": "json_util",
  "title": "json 工具包",
  "description": "提供从xml转成json和从json中提取指定值的方法",
  "specVersion": "1.0.0",
  "type": "module",
  "subType": "extension",
  "version": "1.0.4",
  "externalDependencyMap": {"maven": [{
    "groupId": "com.yu",
    "artifactId": "json-util",
    "version": "1.0.4"
  }]},
  "compilerInfoMap": {"java": [
    {
      "type": "logic",
      "javaTypes": {
        "": "String | com.netease.lowcode.proxy.nasl_proxy_error_structure.IllegalArgumentException",
        "xml": "String"
      },
      "naslName": "xmlToJson",
      "className": "JsonUtil",
      "packageName": "com.yu.api",
      "modifiers": [
        "public",
        "static"
      ]
    },
    {
      "type": "logic",
      "javaTypes": {
        "": "String | com.netease.lowcode.proxy.nasl_proxy_error_structure.JSONException",
        "jsonStr": "String",
        "jsonPath": "String"
      },
      "naslName": "queryFromJson",
      "className": "JsonUtil",
      "packageName": "com.yu.api",
      "modifiers": [
        "public",
        "static"
      ]
    },
    {
      "type": "structure",
      "javaTypes": {
        "errorType": "String",
        "errorMsg": "String"
      },
      "naslName": "IllegalArgumentException",
      "className": "IllegalArgumentException",
      "packageName": "com.netease.lowcode.proxy.nasl_proxy_error_structure"
    },
    {
      "type": "structure",
      "javaTypes": {
        "errorType": "String",
        "errorMsg": "String"
      },
      "naslName": "JSONException",
      "className": "JSONException",
      "packageName": "com.netease.lowcode.proxy.nasl_proxy_error_structure"
    }
  ]},
  "logics": [
    {
      "concept": "Logic",
      "name": "xmlToJson",
      "description": "将xml 字符串转成json字符串",
      "overridable": false,
      "params": [{
        "concept": "Param",
        "name": "xml",
        "description": "符合格式的xml字符串   入参示例：<root><element1>value1<\/element1><element2>value2<\/element2><\/root>",
        "typeAnnotation": {
          "concept": "TypeAnnotation",
          "typeKind": "primitive",
          "typeNamespace": "nasl.core",
          "typeName": "String"
        },
        "required": false
      }],
      "returns": [{
        "concept": "Return",
        "name": "result",
        "description": "返回示例：{\"element1\":\"value1\",\"element2\":\"value2\"}",
        "typeAnnotation": {
          "concept": "TypeAnnotation",
          "typeKind": "union",
          "typeNamespace": "nasl.core",
          "typeName": "Union",
          "typeArguments": [
            {
              "concept": "TypeAnnotation",
              "typeKind": "primitive",
              "typeNamespace": "nasl.core",
              "typeName": "String"
            },
            {
              "concept": "TypeAnnotation",
              "typeKind": "reference",
              "typeNamespace": "nasl.ui",
              "typeName": "Error"
            },
            {
              "concept": "TypeAnnotation",
              "typeKind": "reference",
              "typeNamespace": "extensions.json_util.structures",
              "typeName": "IllegalArgumentException"
            }
          ]
        }
      }]
    },
    {
      "concept": "Logic",
      "name": "queryFromJson",
      "description": "将json字符串按照指定的jsonPath取出",
      "overridable": false,
      "params": [
        {
          "concept": "Param",
          "name": "jsonStr",
          "description": "json字符串 示例 {\"element1\":\"value1\",\"element2\":\"value2\"}",
          "typeAnnotation": {
            "concept": "TypeAnnotation",
            "typeKind": "primitive",
            "typeNamespace": "nasl.core",
            "typeName": "String"
          },
          "required": false
        },
        {
          "concept": "Param",
          "name": "jsonPath",
          "description": "json路径  示例 $.element1",
          "typeAnnotation": {
            "concept": "TypeAnnotation",
            "typeKind": "primitive",
            "typeNamespace": "nasl.core",
            "typeName": "String"
          },
          "required": false
        }
      ],
      "returns": [{
        "concept": "Return",
        "name": "result",
        "description": "返回值示例  value1",
        "typeAnnotation": {
          "concept": "TypeAnnotation",
          "typeKind": "union",
          "typeNamespace": "nasl.core",
          "typeName": "Union",
          "typeArguments": [
            {
              "concept": "TypeAnnotation",
              "typeKind": "primitive",
              "typeNamespace": "nasl.core",
              "typeName": "String"
            },
            {
              "concept": "TypeAnnotation",
              "typeKind": "reference",
              "typeNamespace": "nasl.ui",
              "typeName": "Error"
            },
            {
              "concept": "TypeAnnotation",
              "typeKind": "reference",
              "typeNamespace": "extensions.json_util.structures",
              "typeName": "JSONException"
            }
          ]
        }
      }]
    }
  ],
  "structures": [
    {
      "concept": "Structure",
      "name": "IllegalArgumentException",
      "description": "",
      "properties": [
        {
          "concept": "StructureProperty",
          "name": "errorMsg",
          "typeAnnotation": {
            "concept": "TypeAnnotation",
            "typeKind": "primitive",
            "typeNamespace": "nasl.core",
            "typeName": "String"
          },
          "required": false
        },
        {
          "concept": "StructureProperty",
          "name": "errorType",
          "typeAnnotation": {
            "concept": "TypeAnnotation",
            "typeKind": "primitive",
            "typeNamespace": "nasl.core",
            "typeName": "String"
          },
          "required": false
        }
      ]
    },
    {
      "concept": "Structure",
      "name": "JSONException",
      "description": "",
      "properties": [
        {
          "concept": "StructureProperty",
          "name": "errorMsg",
          "typeAnnotation": {
            "concept": "TypeAnnotation",
            "typeKind": "primitive",
            "typeNamespace": "nasl.core",
            "typeName": "String"
          },
          "required": false
        },
        {
          "concept": "StructureProperty",
          "name": "errorType",
          "typeAnnotation": {
            "concept": "TypeAnnotation",
            "typeKind": "primitive",
            "typeNamespace": "nasl.core",
            "typeName": "String"
          },
          "required": false
        }
      ]
    }
  ]
}